[{"model": "admin.logentry", "pk": 1, "fields": {"action_time": "2021-05-02T08:45:10.384Z", "user": 1, "content_type": 7, "object_id": "1", "object_repr": "ellis.example.com", "action_flag": 2, "change_message": "[{\"changed\": {\"fields\": [\"Domain name\", \"Display name\"]}}]"}}, {"model": "admin.logentry", "pk": 2, "fields": {"action_time": "2021-05-02T09:02:04.510Z", "user": 1, "content_type": 8, "object_id": "1", "object_repr": "cirruselli@gmail.com", "action_flag": 2, "change_message": "[{\"changed\": {\"fields\": [\"Verified\", \"Primary\"]}}]"}}, {"model": "admin.logentry", "pk": 3, "fields": {"action_time": "2021-05-02T09:02:17.192Z", "user": 1, "content_type": 8, "object_id": "1", "object_repr": "cirruselli@gmail.com", "action_flag": 2, "change_message": "[]"}}, {"model": "admin.logentry", "pk": 4, "fields": {"action_time": "2021-05-07T18:23:16.123Z", "user": 1, "content_type": 13, "object_id": "1", "object_repr": "tops", "action_flag": 1, "change_message": "[{\"added\": {}}]"}}, {"model": "admin.logentry", "pk": 5, "fields": {"action_time": "2021-05-07T18:26:08.973Z", "user": 1, "content_type": 13, "object_id": "2", "object_repr": "t_shirts", "action_flag": 1, "change_message": "[{\"added\": {}}]"}}, {"model": "admin.logentry", "pk": 6, "fields": {"action_time": "2021-05-07T18:26:36.078Z", "user": 1, "content_type": 13, "object_id": "3", "object_repr": "riding_breeches", "action_flag": 1, "change_message": "[{\"added\": {}}]"}}, {"model": "admin.logentry", "pk": 7, "fields": {"action_time": "2021-05-07T18:26:53.274Z", "user": 1, "content_type": 13, "object_id": "4", "object_repr": "riding_jackets", "action_flag": 1, "change_message": "[{\"added\": {}}]"}}, {"model": "admin.logentry", "pk": 8, "fields": {"action_time": "2021-05-07T18:27:06.663Z", "user": 1, "content_type": 13, "object_id": "5", "object_repr": "riding_gloves", "action_flag": 1, "change_message": "[{\"added\": {}}]"}}, {"model": "admin.logentry", "pk": 9, "fields": {"action_time": "2021-05-07T18:27:23.654Z", "user": 1, "content_type": 13, "object_id": "6", "object_repr": "riding_helmets", "action_flag": 1, "change_message": "[{\"added\": {}}]"}}, {"model": "admin.logentry", "pk": 10, "fields": {"action_time": "2021-05-07T18:27:45.229Z", "user": 1, "content_type": 13, "object_id": "7", "object_repr": "body_protectors", "action_flag": 1, "change_message": "[{\"added\": {}}]"}}, {"model": "admin.logentry", "pk": 11, "fields": {"action_time": "2021-05-07T18:27:58.572Z", "user": 1, "content_type": 13, "object_id": "8", "object_repr": "bridles", "action_flag": 1, "change_message": "[{\"added\": {}}]"}}, {"model": "admin.logentry", "pk": 12, "fields": {"action_time": "2021-05-07T18:28:06.205Z", "user": 1, "content_type": 13, "object_id": "9", "object_repr": "bits", "action_flag": 1, "change_message": "[{\"added\": {}}]"}}, {"model": "admin.logentry", "pk": 13, "fields": {"action_time": "2021-05-07T18:28:16.051Z", "user": 1, "content_type": 13, "object_id": "10", "object_repr": "saddles", "action_flag": 1, "change_message": "[{\"added\": {}}]"}}, {"model": "admin.logentry", "pk": 14, "fields": {"action_time": "2021-05-07T18:28:24.674Z", "user": 1, "content_type": 13, "object_id": "11", "object_repr": "halters", "action_flag": 1, "change_message": "[{\"added\": {}}]"}}, {"model": "admin.logentry", "pk": 15, "fields": {"action_time": "2021-05-07T18:28:35.213Z", "user": 1, "content_type": 13, "object_id": "12", "object_repr": "grooming_kit", "action_flag": 1, "change_message": "[{\"added\": {}}]"}}, {"model": "admin.logentry", "pk": 16, "fields": {"action_time": "2021-05-07T18:28:48.547Z", "user": 1, "content_type": 13, "object_id": "13", "object_repr": "fur_care", "action_flag": 1, "change_message": "[{\"added\": {}}]"}}, {"model": "admin.logentry", "pk": 17, "fields": {"action_time": "2021-05-07T18:29:01.667Z", "user": 1, "content_type": 13, "object_id": "14", "object_repr": "farriery", "action_flag": 1, "change_message": "[{\"added\": {}}]"}}, {"model": "admin.logentry", "pk": 18, "fields": {"action_time": "2021-05-07T18:29:12.284Z", "user": 1, "content_type": 13, "object_id": "15", "object_repr": "medical_care", "action_flag": 1, "change_message": "[{\"added\": {}}]"}}, {"model": "admin.logentry", "pk": 19, "fields": {"action_time": "2021-05-07T18:29:23.415Z", "user": 1, "content_type": 13, "object_id": "16", "object_repr": "leather_care", "action_flag": 1, "change_message": "[{\"added\": {}}]"}}, {"model": "admin.logentry", "pk": 20, "fields": {"action_time": "2021-05-08T09:47:24.806Z", "user": 1, "content_type": 14, "object_id": "1", "object_repr": "Fleece jumper Lova Pikeur", "action_flag": 1, "change_message": "[{\"added\": {}}]"}}, {"model": "admin.logentry", "pk": 21, "fields": {"action_time": "2021-05-08T10:56:13.051Z", "user": 1, "content_type": 14, "object_id": "1", "object_repr": "Fleece jumper Lova Pikeur", "action_flag": 3, "change_message": ""}}, {"model": "admin.logentry", "pk": 22, "fields": {"action_time": "2021-05-08T10:58:10.353Z", "user": 1, "content_type": 14, "object_id": "2", "object_repr": "Fleece jacket Classic CRW® Ladies", "action_flag": 1, "change_message": "[{\"added\": {}}]"}}, {"model": "admin.logentry", "pk": 23, "fields": {"action_time": "2021-05-08T11:11:58.270Z", "user": 1, "content_type": 14, "object_id": "2", "object_repr": "Fleece jacket Classic CRW® Ladies", "action_flag": 2, "change_message": "[]"}}, {"model": "admin.logentry", "pk": 24, "fields": {"action_time": "2021-05-08T11:13:39.765Z", "user": 1, "content_type": 14, "object_id": "3", "object_repr": "Performance wear Silver Halfzip JH", "action_flag": 1, "change_message": "[{\"added\": {}}]"}}, {"model": "admin.logentry", "pk": 25, "fields": {"action_time": "2021-05-08T11:14:53.191Z", "user": 1, "content_type": 14, "object_id": "4", "object_repr": "Jumper Hoboken JH Collection®", "action_flag": 1, "change_message": "[{\"added\": {}}]"}}, {"model": "admin.logentry", "pk": 26, "fields": {"action_time": "2021-05-08T11:16:07.166Z", "user": 1, "content_type": 14, "object_id": "5", "object_repr": "Jumper Hoboken JH Collection®", "action_flag": 1, "change_message": "[{\"added\": {}}]"}}, {"model": "admin.logentry", "pk": 27, "fields": {"action_time": "2021-05-08T11:20:00.097Z", "user": 1, "content_type": 14, "object_id": "5", "object_repr": "Jumper Hoboken JH Collection® Sand", "action_flag": 2, "change_message": "[{\"changed\": {\"fields\": [\"Name\"]}}]"}}, {"model": "admin.logentry", "pk": 28, "fields": {"action_time": "2021-05-08T11:20:29.998Z", "user": 1, "content_type": 14, "object_id": "4", "object_repr": "Jumper Hoboken JH Collection® Black", "action_flag": 2, "change_message": "[{\"changed\": {\"fields\": [\"Name\"]}}]"}}, {"model": "admin.logentry", "pk": 29, "fields": {"action_time": "2021-05-08T11:42:49.545Z", "user": 1, "content_type": 14, "object_id": "6", "object_repr": "Jumper Pablo CRW®", "action_flag": 1, "change_message": "[{\"added\": {}}]"}}, {"model": "admin.logentry", "pk": 30, "fields": {"action_time": "2021-05-08T11:43:03.860Z", "user": 1, "content_type": 14, "object_id": "6", "object_repr": "Jumper Pablo CRW®", "action_flag": 2, "change_message": "[{\"changed\": {\"fields\": [\"Category\"]}}]"}}, {"model": "admin.logentry", "pk": 31, "fields": {"action_time": "2021-05-08T11:43:58.894Z", "user": 1, "content_type": 14, "object_id": "7", "object_repr": "Jumper Pablo CRW® NAVY", "action_flag": 1, "change_message": "[{\"added\": {}}]"}}, {"model": "admin.logentry", "pk": 32, "fields": {"action_time": "2021-05-08T11:44:13.523Z", "user": 1, "content_type": 14, "object_id": "6", "object_repr": "Jumper Pablo CRW® CREME", "action_flag": 2, "change_message": "[{\"changed\": {\"fields\": [\"Name\"]}}]"}}, {"model": "admin.logentry", "pk": 33, "fields": {"action_time": "2021-05-08T11:45:17.994Z", "user": 1, "content_type": 14, "object_id": "8", "object_repr": "Fleece jumper Lova Pikeur® DARK GREEN", "action_flag": 1, "change_message": "[{\"added\": {}}]"}}, {"model": "admin.logentry", "pk": 34, "fields": {"action_time": "2021-05-08T11:46:00.993Z", "user": 1, "content_type": 14, "object_id": "9", "object_repr": "Jumper Connie CRW® BLUE", "action_flag": 1, "change_message": "[{\"added\": {}}]"}}, {"model": "admin.logentry", "pk": 35, "fields": {"action_time": "2021-05-08T11:46:49.998Z", "user": 1, "content_type": 14, "object_id": "10", "object_repr": "Fleece jacket Long sleeved Nelly CRW® BLACK", "action_flag": 1, "change_message": "[{\"added\": {}}]"}}, {"model": "admin.logentry", "pk": 36, "fields": {"action_time": "2021-05-08T11:48:34.620Z", "user": 1, "content_type": 14, "object_id": "11", "object_repr": "College jacket Keats ARIAT® BLACK", "action_flag": 1, "change_message": "[{\"added\": {}}]"}}, {"model": "admin.logentry", "pk": 37, "fields": {"action_time": "2021-05-08T11:49:27.931Z", "user": 1, "content_type": 14, "object_id": "5", "object_repr": "Jumper Hoboken JH Collection® SAND", "action_flag": 2, "change_message": "[{\"changed\": {\"fields\": [\"Name\"]}}]"}}, {"model": "admin.logentry", "pk": 38, "fields": {"action_time": "2021-05-08T11:49:34.191Z", "user": 1, "content_type": 14, "object_id": "4", "object_repr": "Jumper Hoboken JH Collection® BLACK", "action_flag": 2, "change_message": "[{\"changed\": {\"fields\": [\"Name\"]}}]"}}, {"model": "admin.logentry", "pk": 39, "fields": {"action_time": "2021-05-08T11:50:01.826Z", "user": 1, "content_type": 14, "object_id": "3", "object_repr": "Performance wear Silver Halfzip JH COPPER BROWN", "action_flag": 2, "change_message": "[{\"changed\": {\"fields\": [\"Name\"]}}]"}}, {"model": "admin.logentry", "pk": 40, "fields": {"action_time": "2021-05-08T11:50:38.116Z", "user": 1, "content_type": 14, "object_id": "2", "object_repr": "Fleece jacket Classic CRW® Ladies NAVY", "action_flag": 2, "change_message": "[{\"changed\": {\"fields\": [\"Name\"]}}]"}}, {"model": "admin.logentry", "pk": 41, "fields": {"action_time": "2021-05-08T11:59:00.045Z", "user": 1, "content_type": 14, "object_id": "12", "object_repr": "Competition top Short sleeved Phiola Pikeur® WHITE", "action_flag": 1, "change_message": "[{\"added\": {}}]"}}, {"model": "admin.logentry", "pk": 42, "fields": {"action_time": "2021-05-08T11:59:49.556Z", "user": 1, "content_type": 14, "object_id": "13", "object_repr": "Top Bea CRW® VIOLET", "action_flag": 1, "change_message": "[{\"added\": {}}]"}}, {"model": "admin.logentry", "pk": 43, "fields": {"action_time": "2021-05-08T12:00:57.127Z", "user": 1, "content_type": 14, "object_id": "14", "object_repr": "Performance wear Oriole JH Collection® NAVY", "action_flag": 1, "change_message": "[{\"added\": {}}]"}}, {"model": "admin.logentry", "pk": 44, "fields": {"action_time": "2021-05-08T12:02:10.724Z", "user": 1, "content_type": 14, "object_id": "15", "object_repr": "Competition top Short sleeved Zazza CRW® BLACK", "action_flag": 1, "change_message": "[{\"added\": {}}]"}}, {"model": "admin.logentry", "pk": 45, "fields": {"action_time": "2021-05-08T12:03:11.757Z", "user": 1, "content_type": 14, "object_id": "16", "object_repr": "Performance wear Francis CRW® BLUE", "action_flag": 1, "change_message": "[{\"added\": {}}]"}}, {"model": "admin.logentry", "pk": 46, "fields": {"action_time": "2021-05-08T12:03:54.609Z", "user": 1, "content_type": 14, "object_id": "17", "object_repr": "Top Benny CRW® WHITE", "action_flag": 1, "change_message": "[{\"added\": {}}]"}}, {"model": "admin.logentry", "pk": 47, "fields": {"action_time": "2021-05-08T12:05:31.686Z", "user": 1, "content_type": 14, "object_id": "18", "object_repr": "Performance wear Sunstopper 2.0 1/4 Zip ARIAT® NAVY", "action_flag": 1, "change_message": "[{\"added\": {}}]"}}, {"model": "admin.logentry", "pk": 48, "fields": {"action_time": "2021-05-08T12:06:22.234Z", "user": 1, "content_type": 14, "object_id": "19", "object_repr": "Top Short sleeved Laguna ARIAT® CORAL", "action_flag": 1, "change_message": "[{\"added\": {}}]"}}, {"model": "admin.logentry", "pk": 49, "fields": {"action_time": "2021-05-08T12:07:03.491Z", "user": 1, "content_type": 14, "object_id": "20", "object_repr": "Piqué Short sleeved Talent Polo ARIAT® NAVY", "action_flag": 1, "change_message": "[{\"added\": {}}]"}}, {"model": "admin.logentry", "pk": 50, "fields": {"action_time": "2021-05-08T12:07:59.266Z", "user": 1, "content_type": 14, "object_id": "21", "object_repr": "Top Short sleeved Linee Pikeur® DARK GREEN", "action_flag": 1, "change_message": "[{\"added\": {}}]"}}, {"model": "admin.logentry", "pk": 51, "fields": {"action_time": "2021-05-08T12:09:15.402Z", "user": 1, "content_type": 14, "object_id": "22", "object_repr": "Top Short sleeved Birdy Pikeur® GREY GRAPHITE", "action_flag": 1, "change_message": "[{\"added\": {}}]"}}, {"model": "admin.logentry", "pk": 52, "fields": {"action_time": "2021-05-08T12:10:05.926Z", "user": 1, "content_type": 14, "object_id": "23", "object_repr": "Top Short sleeved Birdy Pikeur® WINE RED", "action_flag": 1, "change_message": "[{\"added\": {}}]"}}, {"model": "admin.logentry", "pk": 53, "fields": {"action_time": "2021-05-08T12:28:19.741Z", "user": 1, "content_type": 14, "object_id": "24", "object_repr": "Riding breeches Carrie CRW® BLACK", "action_flag": 1, "change_message": "[{\"added\": {}}]"}}, {"model": "admin.logentry", "pk": 54, "fields": {"action_time": "2021-05-08T12:29:25.771Z", "user": 1, "content_type": 14, "object_id": "25", "object_repr": "Riding breeches Full seat New Sure Seat CRW® Ladies OFFWHITE", "action_flag": 1, "change_message": "[{\"added\": {}}]"}}, {"model": "admin.logentry", "pk": 55, "fields": {"action_time": "2021-05-08T12:30:10.599Z", "user": 1, "content_type": 14, "object_id": "26", "object_repr": "Riding breeches Full seat New Sure Seat CRW® Ladies WINE RED", "action_flag": 1, "change_message": "[{\"added\": {}}]"}}, {"model": "admin.logentry", "pk": 56, "fields": {"action_time": "2021-05-08T12:30:55.164Z", "user": 1, "content_type": 14, "object_id": "27", "object_repr": "Riding breeches Fiona CRW® DENIMBLUE", "action_flag": 1, "change_message": "[{\"added\": {}}]"}}, {"model": "admin.logentry", "pk": 57, "fields": {"action_time": "2021-05-08T12:31:32.067Z", "user": 1, "content_type": 14, "object_id": "28", "object_repr": "Riding breeches Holly CRW® Ladies WINE RED", "action_flag": 1, "change_message": "[{\"added\": {}}]"}}, {"model": "admin.logentry", "pk": 58, "fields": {"action_time": "2021-05-08T12:32:13.995Z", "user": 1, "content_type": 14, "object_id": "29", "object_repr": "Riding breeches Full seat Ceraja CRW® BEIGE", "action_flag": 1, "change_message": "[{\"added\": {}}]"}}, {"model": "admin.logentry", "pk": 59, "fields": {"action_time": "2021-05-08T12:33:17.929Z", "user": 1, "content_type": 14, "object_id": "30", "object_repr": "Riding breeches Full seat Queen JH Collection® COPPER BROWN", "action_flag": 1, "change_message": "[{\"added\": {}}]"}}, {"model": "admin.logentry", "pk": 60, "fields": {"action_time": "2021-05-08T12:33:54.982Z", "user": 1, "content_type": 14, "object_id": "31", "object_repr": "Riding breeches Hudson JH Collection® GREY GRAPHITE", "action_flag": 1, "change_message": "[{\"added\": {}}]"}}, {"model": "admin.logentry", "pk": 61, "fields": {"action_time": "2021-05-08T12:34:48.777Z", "user": 1, "content_type": 14, "object_id": "32", "object_repr": "Riding leggings Mira CRW® WINE RED", "action_flag": 1, "change_message": "[{\"added\": {}}]"}}, {"model": "admin.logentry", "pk": 62, "fields": {"action_time": "2021-05-08T12:35:16.525Z", "user": 1, "content_type": 14, "object_id": "33", "object_repr": "Riding leggings Full seat Zorro CRW® BLACK", "action_flag": 1, "change_message": "[{\"added\": {}}]"}}, {"model": "admin.logentry", "pk": 63, "fields": {"action_time": "2021-05-08T12:36:19.785Z", "user": 1, "content_type": 14, "object_id": "34", "object_repr": "Riding breeches Hahn CRW® Ladies WHITE", "action_flag": 1, "change_message": "[{\"added\": {}}]"}}, {"model": "admin.logentry", "pk": 64, "fields": {"action_time": "2021-05-08T12:41:18.685Z", "user": 1, "content_type": 14, "object_id": "35", "object_repr": "Jacket Softshell New Team ARIAT® NAVY", "action_flag": 1, "change_message": "[{\"added\": {}}]"}}, {"model": "admin.logentry", "pk": 65, "fields": {"action_time": "2021-05-08T12:42:11.286Z", "user": 1, "content_type": 14, "object_id": "36", "object_repr": "Jacket Lien Pikeur® BLACK", "action_flag": 1, "change_message": "[{\"added\": {}}]"}}, {"model": "admin.logentry", "pk": 66, "fields": {"action_time": "2021-05-08T12:42:37.732Z", "user": 1, "content_type": 14, "object_id": "37", "object_repr": "Jacket Carmen CRW® BLUE", "action_flag": 1, "change_message": "[{\"added\": {}}]"}}, {"model": "admin.logentry", "pk": 67, "fields": {"action_time": "2021-05-08T12:43:13.355Z", "user": 1, "content_type": 14, "object_id": "38", "object_repr": "Jacket Nova CRW® PINK", "action_flag": 1, "change_message": "[{\"added\": {}}]"}}, {"model": "admin.logentry", "pk": 68, "fields": {"action_time": "2021-05-08T12:43:56.787Z", "user": 1, "content_type": 14, "object_id": "39", "object_repr": "Parka Estelle CRW® NAVY", "action_flag": 1, "change_message": "[{\"added\": {}}]"}}, {"model": "admin.logentry", "pk": 69, "fields": {"action_time": "2021-05-08T12:44:36.165Z", "user": 1, "content_type": 14, "object_id": "40", "object_repr": "Jacket Wooster JH Collection® COPPER BROWN", "action_flag": 1, "change_message": "[{\"added\": {}}]"}}, {"model": "admin.logentry", "pk": 70, "fields": {"action_time": "2021-05-08T12:45:18.764Z", "user": 1, "content_type": 14, "object_id": "41", "object_repr": "Jacket Joshuan JH Collection® OLIVE GREEN", "action_flag": 1, "change_message": "[{\"added\": {}}]"}}, {"model": "admin.logentry", "pk": 71, "fields": {"action_time": "2021-05-08T12:46:09.293Z", "user": 1, "content_type": 14, "object_id": "42", "object_repr": "Jacket Tone CRW® NAVY", "action_flag": 1, "change_message": "[{\"added\": {}}]"}}, {"model": "admin.logentry", "pk": 72, "fields": {"action_time": "2021-05-08T12:46:43.044Z", "user": 1, "content_type": 14, "object_id": "43", "object_repr": "Jacket Tammy CRW® BRIGHT AQUA", "action_flag": 1, "change_message": "[{\"added\": {}}]"}}, {"model": "admin.logentry", "pk": 73, "fields": {"action_time": "2021-05-08T12:47:18.044Z", "user": 1, "content_type": 14, "object_id": "44", "object_repr": "Jacket Tammy CRW® BLACK", "action_flag": 1, "change_message": "[{\"added\": {}}]"}}, {"model": "admin.logentry", "pk": 74, "fields": {"action_time": "2021-05-08T12:51:13.231Z", "user": 1, "content_type": 14, "object_id": "45", "object_repr": "Gloves Muenster Roeckl® GREY", "action_flag": 1, "change_message": "[{\"added\": {}}]"}}, {"model": "admin.logentry", "pk": 75, "fields": {"action_time": "2021-05-08T12:52:03.218Z", "user": 1, "content_type": 14, "object_id": "46", "object_repr": "Gloves Milano Roeckl® NAVY", "action_flag": 1, "change_message": "[{\"added\": {}}]"}}, {"model": "admin.logentry", "pk": 76, "fields": {"action_time": "2021-05-08T12:52:41.543Z", "user": 1, "content_type": 14, "object_id": "47", "object_repr": "Gloves Blocka CRW® BLACK", "action_flag": 1, "change_message": "[{\"added\": {}}]"}}, {"model": "admin.logentry", "pk": 77, "fields": {"action_time": "2021-05-08T12:53:11.267Z", "user": 1, "content_type": 14, "object_id": "48", "object_repr": "Gloves Grip Roeckl® NAVY", "action_flag": 1, "change_message": "[{\"added\": {}}]"}}, {"model": "admin.logentry", "pk": 78, "fields": {"action_time": "2021-05-08T12:53:51.662Z", "user": 1, "content_type": 14, "object_id": "49", "object_repr": "Gloves Dea CRW® WHITE", "action_flag": 1, "change_message": "[{\"added\": {}}]"}}, {"model": "admin.logentry", "pk": 79, "fields": {"action_time": "2021-05-08T12:54:24.807Z", "user": 1, "content_type": 14, "object_id": "50", "object_repr": "Gloves Margit CRW® DARK BROWN", "action_flag": 1, "change_message": "[{\"added\": {}}]"}}, {"model": "admin.logentry", "pk": 80, "fields": {"action_time": "2021-05-08T12:55:07.260Z", "user": 1, "content_type": 14, "object_id": "51", "object_repr": "Gloves Ekemir CRW® BLACK", "action_flag": 1, "change_message": "[{\"added\": {}}]"}}, {"model": "admin.logentry", "pk": 81, "fields": {"action_time": "2021-05-08T12:55:38.859Z", "user": 1, "content_type": 14, "object_id": "52", "object_repr": "Gloves Top Spin CRW® WHITE", "action_flag": 1, "change_message": "[{\"added\": {}}]"}}, {"model": "admin.logentry", "pk": 82, "fields": {"action_time": "2021-05-08T12:56:09.024Z", "user": 1, "content_type": 14, "object_id": "53", "object_repr": "Gloves Bright CRW® YELLOW", "action_flag": 1, "change_message": "[{\"added\": {}}]"}}, {"model": "admin.logentry", "pk": 83, "fields": {"action_time": "2021-05-08T12:56:44.730Z", "user": 1, "content_type": 14, "object_id": "54", "object_repr": "Gloves Top Spin Winter CRW® NAVY", "action_flag": 1, "change_message": "[{\"added\": {}}]"}}, {"model": "admin.logentry", "pk": 84, "fields": {"action_time": "2021-05-08T12:57:09.714Z", "user": 1, "content_type": 14, "object_id": "55", "object_repr": "Gloves Caballos CRW® DARK BROWN", "action_flag": 1, "change_message": "[{\"added\": {}}]"}}, {"model": "admin.logentry", "pk": 85, "fields": {"action_time": "2021-05-08T12:57:59.329Z", "user": 1, "content_type": 14, "object_id": "56", "object_repr": "Gloves Milano Winter Roeckl® BLACK", "action_flag": 1, "change_message": "[{\"added\": {}}]"}}, {"model": "admin.logentry", "pk": 86, "fields": {"action_time": "2021-05-08T12:58:27.517Z", "user": 1, "content_type": 14, "object_id": "57", "object_repr": "Gloves Astoria JH Collection® BLACK", "action_flag": 1, "change_message": "[{\"added\": {}}]"}}, {"model": "admin.logentry", "pk": 87, "fields": {"action_time": "2021-05-08T12:59:03.116Z", "user": 1, "content_type": 14, "object_id": "58", "object_repr": "Gloves Anna CRW® BLACK", "action_flag": 1, "change_message": "[{\"added\": {}}]"}}, {"model": "admin.logentry", "pk": 88, "fields": {"action_time": "2021-05-08T13:01:55.504Z", "user": 1, "content_type": 14, "object_id": "59", "object_repr": "Riding helmet VG1 Classic CRW® BLACK", "action_flag": 1, "change_message": "[{\"added\": {}}]"}}, {"model": "admin.logentry", "pk": 89, "fields": {"action_time": "2021-05-08T13:02:37.960Z", "user": 1, "content_type": 14, "object_id": "60", "object_repr": "Riding helmet VG1 Advantage CRW®", "action_flag": 1, "change_message": "[{\"added\": {}}]"}}, {"model": "admin.logentry", "pk": 90, "fields": {"action_time": "2021-05-08T13:03:15.966Z", "user": 1, "content_type": 14, "object_id": "61", "object_repr": "Riding helmet VG1 Advantage Sun CRW® BLACK/GOLD", "action_flag": 1, "change_message": "[{\"added\": {}}]"}}, {"model": "admin.logentry", "pk": 91, "fields": {"action_time": "2021-05-08T13:03:40.939Z", "user": 1, "content_type": 14, "object_id": "61", "object_repr": "Riding helmet VG1 Advantage Sun CRW® BLACK/GOLD", "action_flag": 2, "change_message": "[{\"changed\": {\"fields\": [\"Image\"]}}]"}}, {"model": "admin.logentry", "pk": 92, "fields": {"action_time": "2021-05-08T13:04:32.588Z", "user": 1, "content_type": 14, "object_id": "62", "object_repr": "Riding helmet VG1 Advantage Sun CRW® NAVY", "action_flag": 1, "change_message": "[{\"added\": {}}]"}}, {"model": "admin.logentry", "pk": 93, "fields": {"action_time": "2021-05-08T13:05:57.955Z", "user": 1, "content_type": 14, "object_id": "63", "object_repr": "Riding helmet VG1 AYR8 Plus Charles Owen BLACK/GOLD", "action_flag": 1, "change_message": "[{\"added\": {}}]"}}, {"model": "admin.logentry", "pk": 94, "fields": {"action_time": "2021-05-08T13:06:38.459Z", "user": 1, "content_type": 14, "object_id": "64", "object_repr": "Riding helmet VG1 Matrix Mips JH Collection® NAVY", "action_flag": 1, "change_message": "[{\"added\": {}}]"}}, {"model": "admin.logentry", "pk": 95, "fields": {"action_time": "2021-05-08T13:07:16.375Z", "user": 1, "content_type": 14, "object_id": "65", "object_repr": "Riding helmet VG1 EQ3 Lynx Smooth Top Mips Back on Track® BLACK", "action_flag": 1, "change_message": "[{\"added\": {}}]"}}, {"model": "admin.logentry", "pk": 96, "fields": {"action_time": "2021-05-08T13:07:57.301Z", "user": 1, "content_type": 14, "object_id": "66", "object_repr": "Riding helmet VG1 Crystalline CRW® NAVY", "action_flag": 1, "change_message": "[{\"added\": {}}]"}}, {"model": "admin.logentry", "pk": 97, "fields": {"action_time": "2021-05-08T13:08:37.179Z", "user": 1, "content_type": 14, "object_id": "67", "object_repr": "Riding helmet VG1 YR8 Sparkling Charles Owen NAVY", "action_flag": 1, "change_message": "[{\"added\": {}}]"}}, {"model": "admin.logentry", "pk": 98, "fields": {"action_time": "2021-05-08T13:09:15.806Z", "user": 1, "content_type": 14, "object_id": "68", "object_repr": "Riding helmet VG1 Artemis LAMI-CELL BLACK", "action_flag": 1, "change_message": "[{\"added\": {}}]"}}, {"model": "admin.logentry", "pk": 99, "fields": {"action_time": "2021-05-08T13:10:04.509Z", "user": 1, "content_type": 14, "object_id": "69", "object_repr": "Riding helmet VG1 Pardus Smooth Top Back on Track® BLACK", "action_flag": 1, "change_message": "[{\"added\": {}}]"}}, {"model": "admin.logentry", "pk": 100, "fields": {"action_time": "2021-05-08T13:14:01.344Z", "user": 1, "content_type": 14, "object_id": "70", "object_repr": "Combined noseband bridle Winford Fairfield® DARK BROWN", "action_flag": 1, "change_message": "[{\"added\": {}}]"}}, {"model": "admin.logentry", "pk": 101, "fields": {"action_time": "2021-05-08T13:15:47.012Z", "user": 1, "content_type": 14, "object_id": "71", "object_repr": "Bridles Ashton Fairfield® DARK BROWN", "action_flag": 1, "change_message": "[{\"added\": {}}]"}}, {"model": "admin.logentry", "pk": 102, "fields": {"action_time": "2021-05-08T13:16:36.959Z", "user": 1, "content_type": 14, "object_id": "72", "object_repr": "Drop noseband bridle Falston Fairfield® DARK BROWN", "action_flag": 1, "change_message": "[{\"added\": {}}]"}}, {"model": "admin.logentry", "pk": 103, "fields": {"action_time": "2021-05-08T13:17:20.531Z", "user": 1, "content_type": 14, "object_id": "73", "object_repr": "Sidepull Fairfield® BLACK", "action_flag": 1, "change_message": "[{\"added\": {}}]"}}, {"model": "admin.logentry", "pk": 104, "fields": {"action_time": "2021-05-08T13:17:58.429Z", "user": 1, "content_type": 14, "object_id": "74", "object_repr": "Grackle bridle Harlow Fairfield® BLACK", "action_flag": 1, "change_message": "[{\"added\": {}}]"}}, {"model": "admin.logentry", "pk": 105, "fields": {"action_time": "2021-05-08T13:18:58.463Z", "user": 1, "content_type": 14, "object_id": "75", "object_repr": "Combined noseband bridle Heart Fairfield® DARK BROWN", "action_flag": 1, "change_message": "[{\"added\": {}}]"}}, {"model": "admin.logentry", "pk": 106, "fields": {"action_time": "2021-05-08T13:22:22.255Z", "user": 1, "content_type": 14, "object_id": "75", "object_repr": "Combined noseband bridle Heart Fairfield® DARK BROWN", "action_flag": 2, "change_message": "[{\"changed\": {\"fields\": [\"Image\"]}}]"}}, {"model": "admin.logentry", "pk": 107, "fields": {"action_time": "2021-05-08T13:23:10.766Z", "user": 1, "content_type": 14, "object_id": "76", "object_repr": "Bridles Croston Fairfield® DARK BROWN", "action_flag": 1, "change_message": "[{\"added\": {}}]"}}, {"model": "admin.logentry", "pk": 108, "fields": {"action_time": "2021-05-08T13:24:04.374Z", "user": 1, "content_type": 14, "object_id": "77", "object_repr": "Bridles Croston Fairfield® BLACK", "action_flag": 1, "change_message": "[{\"added\": {}}]"}}, {"model": "admin.logentry", "pk": 109, "fields": {"action_time": "2021-05-08T13:25:06.634Z", "user": 1, "content_type": 14, "object_id": "78", "object_repr": "Combined noseband bridle Axford Fairfield® DARK BROWN", "action_flag": 1, "change_message": "[{\"added\": {}}]"}}, {"model": "admin.logentry", "pk": 110, "fields": {"action_time": "2021-05-08T13:26:10.695Z", "user": 1, "content_type": 14, "object_id": "79", "object_repr": "Bridles Catani JH Collection® BLACK", "action_flag": 1, "change_message": "[{\"added\": {}}]"}}, {"model": "admin.logentry", "pk": 111, "fields": {"action_time": "2021-05-08T13:27:18.836Z", "user": 1, "content_type": 14, "object_id": "80", "object_repr": "Combined noseband bridle Modin JH Collection® COGNAC", "action_flag": 1, "change_message": "[{\"added\": {}}]"}}, {"model": "admin.logentry", "pk": 112, "fields": {"action_time": "2021-05-08T13:28:00.196Z", "user": 1, "content_type": 14, "object_id": "81", "object_repr": "Combined noseband bridle Chelsea Fairfield® BLACK", "action_flag": 1, "change_message": "[{\"added\": {}}]"}}, {"model": "admin.logentry", "pk": 113, "fields": {"action_time": "2021-05-08T13:29:36.223Z", "user": 1, "content_type": 14, "object_id": "82", "object_repr": "Body protector Junior Minerva CRW® BLACK", "action_flag": 1, "change_message": "[{\"added\": {}}]"}}, {"model": "admin.logentry", "pk": 114, "fields": {"action_time": "2021-05-08T13:30:12.902Z", "user": 1, "content_type": 14, "object_id": "83", "object_repr": "Body protector Men’s Outlyne Airowear BLACK", "action_flag": 1, "change_message": "[{\"added\": {}}]"}}, {"model": "admin.logentry", "pk": 115, "fields": {"action_time": "2021-05-08T13:30:50.466Z", "user": 1, "content_type": 14, "object_id": "84", "object_repr": "Body protector Adult Ares CRW® NAVY", "action_flag": 1, "change_message": "[{\"added\": {}}]"}}, {"model": "admin.logentry", "pk": 116, "fields": {"action_time": "2021-05-08T13:31:19.308Z", "user": 1, "content_type": 14, "object_id": "85", "object_repr": "Back Protector Ballistic Flex Fit Komperdell PINK", "action_flag": 1, "change_message": "[{\"added\": {}}]"}}, {"model": "admin.logentry", "pk": 117, "fields": {"action_time": "2021-05-08T13:31:59.023Z", "user": 1, "content_type": 14, "object_id": "86", "object_repr": "Body protector Child Long Racesafe NAVY", "action_flag": 1, "change_message": "[{\"added\": {}}]"}}, {"model": "admin.logentry", "pk": 118, "fields": {"action_time": "2021-05-08T13:32:33.630Z", "user": 1, "content_type": 14, "object_id": "87", "object_repr": "Body protector Adult Long Racesafe BLACK", "action_flag": 1, "change_message": "[{\"added\": {}}]"}}, {"model": "admin.logentry", "pk": 119, "fields": {"action_time": "2021-05-08T13:34:15.701Z", "user": 1, "content_type": 14, "object_id": "88", "object_repr": "Kimblewick bit Fairfield® BRASS", "action_flag": 1, "change_message": "[{\"added\": {}}]"}}, {"model": "admin.logentry", "pk": 120, "fields": {"action_time": "2021-05-08T13:37:17.504Z", "user": 1, "content_type": 14, "object_id": "89", "object_repr": "Hackamore Fairfield® BLACK", "action_flag": 1, "change_message": "[{\"added\": {}}]"}}, {"model": "admin.logentry", "pk": 121, "fields": {"action_time": "2021-05-08T13:37:51.248Z", "user": 1, "content_type": 14, "object_id": "90", "object_repr": "Hackamore Fairfield® BLACK", "action_flag": 1, "change_message": "[{\"added\": {}}]"}}, {"model": "admin.logentry", "pk": 122, "fields": {"action_time": "2021-05-08T13:38:24.498Z", "user": 1, "content_type": 14, "object_id": "91", "object_repr": "Pelham bit Baby Fairfield® SILVER", "action_flag": 1, "change_message": "[{\"added\": {}}]"}}, {"model": "admin.logentry", "pk": 123, "fields": {"action_time": "2021-05-08T13:38:40.236Z", "user": 1, "content_type": 14, "object_id": "91", "object_repr": "Pelham bit Baby Fairfield® SILVER", "action_flag": 2, "change_message": "[{\"changed\": {\"fields\": [\"Image\"]}}]"}}, {"model": "admin.logentry", "pk": 124, "fields": {"action_time": "2021-05-08T13:39:33.338Z", "user": 1, "content_type": 14, "object_id": "92", "object_repr": "Bit Dynamic RS Sprenger SENSOGAN", "action_flag": 1, "change_message": "[{\"added\": {}}]"}}, {"model": "admin.logentry", "pk": 125, "fields": {"action_time": "2021-05-08T13:40:35.318Z", "user": 1, "content_type": 14, "object_id": "93", "object_repr": "D-ring bit Novocontact Sprenger SENSOGAN", "action_flag": 1, "change_message": "[{\"added\": {}}]"}}, {"model": "admin.logentry", "pk": 126, "fields": {"action_time": "2021-05-08T13:41:13.993Z", "user": 1, "content_type": 14, "object_id": "94", "object_repr": "Bit KK Ultra 2-Type Sprenger SENSOGAN", "action_flag": 1, "change_message": "[{\"added\": {}}]"}}, {"model": "admin.logentry", "pk": 127, "fields": {"action_time": "2021-05-08T13:42:05.271Z", "user": 1, "content_type": 14, "object_id": "95", "object_repr": "Egg bit Three sectioned Sprenger SILVER", "action_flag": 1, "change_message": "[{\"added\": {}}]"}}, {"model": "admin.logentry", "pk": 128, "fields": {"action_time": "2021-05-08T13:42:41.094Z", "user": 1, "content_type": 14, "object_id": "96", "object_repr": "Bridle bit Soft Beris", "action_flag": 1, "change_message": "[{\"added\": {}}]"}}, {"model": "admin.logentry", "pk": 129, "fields": {"action_time": "2021-05-08T13:43:10.737Z", "user": 1, "content_type": 14, "object_id": "97", "object_repr": "Kimblewick bit Extra Soft Beris", "action_flag": 1, "change_message": "[{\"added\": {}}]"}}, {"model": "admin.logentry", "pk": 130, "fields": {"action_time": "2021-05-08T13:43:50.223Z", "user": 1, "content_type": 14, "object_id": "98", "object_repr": "Pelham bit Comfort Thin short shanks Beris", "action_flag": 1, "change_message": "[{\"added\": {}}]"}}, {"model": "admin.logentry", "pk": 131, "fields": {"action_time": "2021-05-08T13:44:25.507Z", "user": 1, "content_type": 14, "object_id": "99", "object_repr": "Bridle bit Comfort thin Bar Beris", "action_flag": 1, "change_message": "[{\"added\": {}}]"}}, {"model": "admin.logentry", "pk": 132, "fields": {"action_time": "2021-05-08T13:45:02.019Z", "user": 1, "content_type": 14, "object_id": "100", "object_repr": "Bit Loose ring snaffle Nathe SILVER", "action_flag": 1, "change_message": "[{\"added\": {}}]"}}, {"model": "admin.logentry", "pk": 133, "fields": {"action_time": "2021-05-08T13:45:36.405Z", "user": 1, "content_type": 14, "object_id": "101", "object_repr": "Bit Nathe SILVER", "action_flag": 1, "change_message": "[{\"added\": {}}]"}}, {"model": "admin.logentry", "pk": 134, "fields": {"action_time": "2021-05-08T13:46:20.212Z", "user": 1, "content_type": 14, "object_id": "102", "object_repr": "Bit Standard snaffle Nathe SILVER", "action_flag": 1, "change_message": "[{\"added\": {}}]"}}, {"model": "admin.logentry", "pk": 135, "fields": {"action_time": "2021-05-08T13:46:48.641Z", "user": 1, "content_type": 14, "object_id": "103", "object_repr": "Bit Mullen Mouth Nathe SILVER", "action_flag": 1, "change_message": "[{\"added\": {}}]"}}, {"model": "admin.logentry", "pk": 136, "fields": {"action_time": "2021-05-08T13:47:23.515Z", "user": 1, "content_type": 14, "object_id": "104", "object_repr": "Bit Metalab SILVER", "action_flag": 1, "change_message": "[{\"added\": {}}]"}}, {"model": "admin.logentry", "pk": 137, "fields": {"action_time": "2021-05-08T13:47:58.319Z", "user": 1, "content_type": 14, "object_id": "105", "object_repr": "Bit Baucher Metalab SILVER", "action_flag": 1, "change_message": "[{\"added\": {}}]"}}, {"model": "admin.logentry", "pk": 138, "fields": {"action_time": "2021-05-08T13:48:46.179Z", "user": 1, "content_type": 14, "object_id": "106", "object_repr": "Bit Pinchless Metalab SILVER", "action_flag": 1, "change_message": "[{\"added\": {}}]"}}, {"model": "admin.logentry", "pk": 139, "fields": {"action_time": "2021-05-08T13:49:15.868Z", "user": 1, "content_type": 14, "object_id": "107", "object_repr": "Pelham bit Pinchless Metalab SILVER", "action_flag": 1, "change_message": "[{\"added\": {}}]"}}, {"model": "admin.logentry", "pk": 140, "fields": {"action_time": "2021-05-08T13:49:52.644Z", "user": 1, "content_type": 14, "object_id": "108", "object_repr": "Bridle bit Fairfield® SILVER", "action_flag": 1, "change_message": "[{\"added\": {}}]"}}, {"model": "admin.logentry", "pk": 141, "fields": {"action_time": "2021-05-08T13:50:39.371Z", "user": 1, "content_type": 14, "object_id": "109", "object_repr": "Full cheek Three sectioned Fairfield® SILVER", "action_flag": 1, "change_message": "[{\"added\": {}}]"}}, {"model": "admin.logentry", "pk": 142, "fields": {"action_time": "2021-05-08T13:55:57.657Z", "user": 1, "content_type": 14, "object_id": "110", "object_repr": "Jumping saddle Amo Pessoa® BLACK", "action_flag": 1, "change_message": "[{\"added\": {}}]"}}, {"model": "admin.logentry", "pk": 143, "fields": {"action_time": "2021-05-08T13:56:34.548Z", "user": 1, "content_type": 14, "object_id": "111", "object_repr": "Jumping saddle Fazzino Lippo BLACK", "action_flag": 1, "change_message": "[{\"added\": {}}]"}}, {"model": "admin.logentry", "pk": 144, "fields": {"action_time": "2021-05-08T13:57:12.607Z", "user": 1, "content_type": 14, "object_id": "112", "object_repr": "Jumping saddle Fazzino Lippo DARK BROWN", "action_flag": 1, "change_message": "[{\"added\": {}}]"}}, {"model": "admin.logentry", "pk": 145, "fields": {"action_time": "2021-05-08T13:57:55.216Z", "user": 1, "content_type": 14, "object_id": "113", "object_repr": "Dressage saddle Vanessa Lippo BLACK", "action_flag": 1, "change_message": "[{\"added\": {}}]"}}, {"model": "admin.logentry", "pk": 146, "fields": {"action_time": "2021-05-08T13:58:39.127Z", "user": 1, "content_type": 14, "object_id": "114", "object_repr": "Jumping saddle Gen-X Elite Pony Pessoa® BLACK", "action_flag": 1, "change_message": "[{\"added\": {}}]"}}, {"model": "admin.logentry", "pk": 147, "fields": {"action_time": "2021-05-08T13:59:20.152Z", "user": 1, "content_type": 14, "object_id": "115", "object_repr": "Jumping saddle Gen-X Elite Pony Pessoa® DARK BROWN", "action_flag": 1, "change_message": "[{\"added\": {}}]"}}, {"model": "admin.logentry", "pk": 148, "fields": {"action_time": "2021-05-08T14:00:13.333Z", "user": 1, "content_type": 14, "object_id": "116", "object_repr": "Icelandic saddle Leia Lippo BLACK", "action_flag": 1, "change_message": "[{\"added\": {}}]"}}, {"model": "admin.logentry", "pk": 149, "fields": {"action_time": "2021-05-08T14:01:16.298Z", "user": 1, "content_type": 14, "object_id": "117", "object_repr": "Dressage saddle T8 Surface Block Dressage Thorowgood® BLACK", "action_flag": 1, "change_message": "[{\"added\": {}}]"}}, {"model": "admin.logentry", "pk": 150, "fields": {"action_time": "2021-05-08T14:03:11.560Z", "user": 1, "content_type": 14, "object_id": "118", "object_repr": "Foal/Shetland halter Fernville Fairfield® DARK BROWN", "action_flag": 1, "change_message": "[{\"added\": {}}]"}}, {"model": "admin.logentry", "pk": 151, "fields": {"action_time": "2021-05-08T14:04:31.680Z", "user": 1, "content_type": 14, "object_id": "119", "object_repr": "Halter Kaliber Trinity® CAMEL", "action_flag": 1, "change_message": "[{\"added\": {}}]"}}, {"model": "admin.logentry", "pk": 152, "fields": {"action_time": "2021-05-08T14:05:17.780Z", "user": 1, "content_type": 14, "object_id": "120", "object_repr": "Halter Lansiär Fairfield® RASPBERRY", "action_flag": 1, "change_message": "[{\"added\": {}}]"}}, {"model": "admin.logentry", "pk": 153, "fields": {"action_time": "2021-05-08T14:06:25.161Z", "user": 1, "content_type": 14, "object_id": "121", "object_repr": "Leather halter Sherston Fairfield® BLACK", "action_flag": 1, "change_message": "[{\"added\": {}}]"}}, {"model": "admin.logentry", "pk": 154, "fields": {"action_time": "2021-05-08T14:06:55.481Z", "user": 1, "content_type": 14, "object_id": "122", "object_repr": "Leather halter Sherston Fairfield® CHESTNUT", "action_flag": 1, "change_message": "[{\"added\": {}}]"}}, {"model": "admin.logentry", "pk": 155, "fields": {"action_time": "2021-05-08T14:07:43.563Z", "user": 1, "content_type": 14, "object_id": "123", "object_repr": "Leather halter Modin JH Collection® COGNAC", "action_flag": 1, "change_message": "[{\"added\": {}}]"}}, {"model": "admin.logentry", "pk": 156, "fields": {"action_time": "2021-05-08T14:08:14.247Z", "user": 1, "content_type": 14, "object_id": "124", "object_repr": "Rope halter Celsius Fairfield® KHAKIGREEN", "action_flag": 1, "change_message": "[{\"added\": {}}]"}}, {"model": "admin.logentry", "pk": 157, "fields": {"action_time": "2021-05-08T14:08:43.428Z", "user": 1, "content_type": 14, "object_id": "125", "object_repr": "Rope halter Pompe Fairfield® BLACK", "action_flag": 1, "change_message": "[{\"added\": {}}]"}}, {"model": "admin.logentry", "pk": 158, "fields": {"action_time": "2021-05-08T14:09:23.654Z", "user": 1, "content_type": 14, "object_id": "126", "object_repr": "Halter Classic Sports Eskadron PINK", "action_flag": 1, "change_message": "[{\"added\": {}}]"}}, {"model": "admin.logentry", "pk": 159, "fields": {"action_time": "2021-05-08T14:10:08.176Z", "user": 1, "content_type": 14, "object_id": "127", "object_repr": "Halter Cesano JH Collection® BLACK/GREY", "action_flag": 1, "change_message": "[{\"added\": {}}]"}}, {"model": "admin.logentry", "pk": 160, "fields": {"action_time": "2021-05-08T14:10:42.238Z", "user": 1, "content_type": 14, "object_id": "128", "object_repr": "Halter Codera JH Collection® OLIVE GREEN", "action_flag": 1, "change_message": "[{\"added\": {}}]"}}, {"model": "admin.logentry", "pk": 161, "fields": {"action_time": "2021-05-08T14:11:23.355Z", "user": 1, "content_type": 14, "object_id": "129", "object_repr": "Halter Orlando Fairfield® STRIPED RED", "action_flag": 1, "change_message": "[{\"added\": {}}]"}}, {"model": "admin.logentry", "pk": 162, "fields": {"action_time": "2021-05-08T14:12:24.956Z", "user": 1, "content_type": 14, "object_id": "130", "object_repr": "Halter Corrado Fairfield® CREME", "action_flag": 1, "change_message": "[{\"added\": {}}]"}}, {"model": "admin.logentry", "pk": 163, "fields": {"action_time": "2021-05-08T14:12:56.838Z", "user": 1, "content_type": 14, "object_id": "131", "object_repr": "Halter Haze Back on Track® BROWN", "action_flag": 1, "change_message": "[{\"added\": {}}]"}}, {"model": "admin.logentry", "pk": 164, "fields": {"action_time": "2021-05-08T14:13:37.909Z", "user": 1, "content_type": 14, "object_id": "132", "object_repr": "Halter Capitol Trinity® NAVY", "action_flag": 1, "change_message": "[{\"added\": {}}]"}}, {"model": "admin.logentry", "pk": 165, "fields": {"action_time": "2021-05-08T14:14:14.075Z", "user": 1, "content_type": 14, "object_id": "133", "object_repr": "Halter Capitol Trinity® WINE RED", "action_flag": 1, "change_message": "[{\"added\": {}}]"}}, {"model": "admin.logentry", "pk": 166, "fields": {"action_time": "2021-05-08T14:15:01.416Z", "user": 1, "content_type": 14, "object_id": "134", "object_repr": "Halter Landgraf Trinity® DARK BROWN", "action_flag": 1, "change_message": "[{\"added\": {}}]"}}, {"model": "admin.logentry", "pk": 167, "fields": {"action_time": "2021-05-08T14:16:05.263Z", "user": 1, "content_type": 14, "object_id": "135", "object_repr": "Halter Emilia JH Collection® DARK BROWN", "action_flag": 1, "change_message": "[{\"added\": {}}]"}}, {"model": "admin.logentry", "pk": 168, "fields": {"action_time": "2021-05-08T14:17:45.722Z", "user": 1, "content_type": 14, "object_id": "136", "object_repr": "Rubber curry comb Natural bristle Royal traxx®", "action_flag": 1, "change_message": "[{\"added\": {}}]"}}, {"model": "admin.logentry", "pk": 169, "fields": {"action_time": "2021-05-08T14:18:28.480Z", "user": 1, "content_type": 14, "object_id": "137", "object_repr": "Grooming bag Classic Sports Glossy Eskadron TURQUOISE", "action_flag": 1, "change_message": "[{\"added\": {}}]"}}, {"model": "admin.logentry", "pk": 170, "fields": {"action_time": "2021-05-08T14:19:14.023Z", "user": 1, "content_type": 14, "object_id": "138", "object_repr": "Cleaning sponge YELLOW", "action_flag": 1, "change_message": "[{\"added\": {}}]"}}, {"model": "admin.logentry", "pk": 171, "fields": {"action_time": "2021-05-08T14:20:14.991Z", "user": 1, "content_type": 14, "object_id": "139", "object_repr": "Hoof pick Fairfield® TURQUOISE", "action_flag": 1, "change_message": "[{\"added\": {}}]"}}, {"model": "admin.logentry", "pk": 172, "fields": {"action_time": "2021-05-08T14:21:24.106Z", "user": 1, "content_type": 14, "object_id": "140", "object_repr": "Dandy brush Redwood Trinity® BROWN", "action_flag": 1, "change_message": "[{\"added\": {}}]"}}, {"model": "admin.logentry", "pk": 173, "fields": {"action_time": "2021-05-08T14:25:21.384Z", "user": 1, "content_type": 14, "object_id": "141", "object_repr": "Body brush Redwood Trinity® BROWN", "action_flag": 1, "change_message": "[{\"added\": {}}]"}}, {"model": "admin.logentry", "pk": 174, "fields": {"action_time": "2021-05-08T14:25:35.393Z", "user": 1, "content_type": 14, "object_id": "141", "object_repr": "Body brush Redwood Trinity® BROWN", "action_flag": 2, "change_message": "[{\"changed\": {\"fields\": [\"Category\"]}}]"}}, {"model": "admin.logentry", "pk": 175, "fields": {"action_time": "2021-05-08T14:26:14.735Z", "user": 1, "content_type": 14, "object_id": "142", "object_repr": "Mane-/tail brush Borstiq", "action_flag": 1, "change_message": "[{\"added\": {}}]"}}, {"model": "admin.logentry", "pk": 176, "fields": {"action_time": "2021-05-08T14:26:54.531Z", "user": 1, "content_type": 14, "object_id": "143", "object_repr": "Curry comb Fairfield®", "action_flag": 1, "change_message": "[{\"added\": {}}]"}}, {"model": "admin.logentry", "pk": 177, "fields": {"action_time": "2021-05-08T14:27:27.691Z", "user": 1, "content_type": 14, "object_id": "144", "object_repr": "Curry comb Fairfield®", "action_flag": 1, "change_message": "[{\"added\": {}}]"}}, {"model": "admin.logentry", "pk": 178, "fields": {"action_time": "2021-05-08T14:28:54.903Z", "user": 1, "content_type": 14, "object_id": "145", "object_repr": "Flick brush Soft Magic Brush BLACK", "action_flag": 1, "change_message": "[{\"added\": {}}]"}}, {"model": "admin.logentry", "pk": 179, "fields": {"action_time": "2021-05-08T14:29:28.332Z", "user": 1, "content_type": 14, "object_id": "146", "object_repr": "Rubber curry comb Soft Magic Brush TURQUOISE", "action_flag": 1, "change_message": "[{\"added\": {}}]"}}, {"model": "admin.logentry", "pk": 180, "fields": {"action_time": "2021-05-08T14:29:57.026Z", "user": 1, "content_type": 14, "object_id": "147", "object_repr": "Flick brush Tampico Magic Brush NATURE", "action_flag": 1, "change_message": "[{\"added\": {}}]"}}, {"model": "admin.logentry", "pk": 181, "fields": {"action_time": "2021-05-08T14:30:41.645Z", "user": 1, "content_type": 14, "object_id": "148", "object_repr": "Sweat scraper Fairfield® BLACK", "action_flag": 1, "change_message": "[{\"added\": {}}]"}}, {"model": "admin.logentry", "pk": 182, "fields": {"action_time": "2021-05-08T14:31:15.726Z", "user": 1, "content_type": 14, "object_id": "149", "object_repr": "Sponge YELLOW", "action_flag": 1, "change_message": "[{\"added\": {}}]"}}, {"model": "admin.logentry", "pk": 183, "fields": {"action_time": "2021-05-08T14:32:02.066Z", "user": 1, "content_type": 14, "object_id": "150", "object_repr": "Hoof pick Fairfield® LIGHT BLUE", "action_flag": 1, "change_message": "[{\"added\": {}}]"}}, {"model": "admin.logentry", "pk": 184, "fields": {"action_time": "2021-05-08T14:33:02.346Z", "user": 1, "content_type": 14, "object_id": "151", "object_repr": "Flick brush Twotone Fairfield® GREEN", "action_flag": 1, "change_message": "[{\"added\": {}}]"}}, {"model": "admin.logentry", "pk": 185, "fields": {"action_time": "2021-05-08T14:33:27.696Z", "user": 1, "content_type": 14, "object_id": "152", "object_repr": "Dandy brush Twotone Fairfield® GREEN", "action_flag": 1, "change_message": "[{\"added\": {}}]"}}, {"model": "admin.logentry", "pk": 186, "fields": {"action_time": "2021-05-08T14:34:00.383Z", "user": 1, "content_type": 14, "object_id": "153", "object_repr": "Mane-/tail brush Twotone Fairfield® GREEN", "action_flag": 1, "change_message": "[{\"added\": {}}]"}}, {"model": "admin.logentry", "pk": 187, "fields": {"action_time": "2021-05-08T14:34:30.897Z", "user": 1, "content_type": 14, "object_id": "154", "object_repr": "Body brush Twotone Fairfield® GREEN", "action_flag": 1, "change_message": "[{\"added\": {}}]"}}, {"model": "admin.logentry", "pk": 188, "fields": {"action_time": "2021-05-08T14:35:12.025Z", "user": 1, "content_type": 14, "object_id": "155", "object_repr": "Bucket brush Twotone Fairfield® NAVY", "action_flag": 1, "change_message": "[{\"added\": {}}]"}}, {"model": "admin.logentry", "pk": 189, "fields": {"action_time": "2021-05-08T14:36:00.180Z", "user": 1, "content_type": 14, "object_id": "156", "object_repr": "Hoof brush Twotone Fairfield® GREEN", "action_flag": 1, "change_message": "[{\"added\": {}}]"}}, {"model": "admin.logentry", "pk": 190, "fields": {"action_time": "2021-05-08T14:36:30.901Z", "user": 1, "content_type": 14, "object_id": "157", "object_repr": "Face brush Twotone Fairfield® GREEN", "action_flag": 1, "change_message": "[{\"added\": {}}]"}}, {"model": "admin.logentry", "pk": 191, "fields": {"action_time": "2021-05-08T14:37:03.073Z", "user": 1, "content_type": 14, "object_id": "158", "object_repr": "Grooming bag Small Fairfield® GREEN", "action_flag": 1, "change_message": "[{\"added\": {}}]"}}, {"model": "admin.logentry", "pk": 192, "fields": {"action_time": "2021-05-08T14:37:52.497Z", "user": 1, "content_type": 14, "object_id": "159", "object_repr": "Grooming box SAGE GREEN", "action_flag": 1, "change_message": "[{\"added\": {}}]"}}, {"model": "admin.logentry", "pk": 193, "fields": {"action_time": "2021-05-08T14:38:25.614Z", "user": 1, "content_type": 14, "object_id": "160", "object_repr": "Toolbox", "action_flag": 1, "change_message": "[{\"added\": {}}]"}}, {"model": "admin.logentry", "pk": 194, "fields": {"action_time": "2021-05-08T14:39:09.738Z", "user": 1, "content_type": 14, "object_id": "161", "object_repr": "Solocomb RED", "action_flag": 1, "change_message": "[{\"added\": {}}]"}}, {"model": "admin.logentry", "pk": 195, "fields": {"action_time": "2021-05-08T14:39:37.132Z", "user": 1, "content_type": 14, "object_id": "162", "object_repr": "Mane comb Fairfield® BLACK", "action_flag": 1, "change_message": "[{\"added\": {}}]"}}, {"model": "admin.logentry", "pk": 196, "fields": {"action_time": "2021-05-08T14:40:26.174Z", "user": 1, "content_type": 14, "object_id": "163", "object_repr": "Silicone bands Fairfield® TRANSPARENT", "action_flag": 1, "change_message": "[{\"added\": {}}]"}}, {"model": "admin.logentry", "pk": 197, "fields": {"action_time": "2021-05-08T14:40:54.995Z", "user": 1, "content_type": 14, "object_id": "164", "object_repr": "Silicone bands Fairfield® ASSORTED COLORS", "action_flag": 1, "change_message": "[{\"added\": {}}]"}}, {"model": "admin.logentry", "pk": 198, "fields": {"action_time": "2021-05-08T14:42:41.907Z", "user": 1, "content_type": 14, "object_id": "165", "object_repr": "Braid It Up NAF", "action_flag": 1, "change_message": "[{\"added\": {}}]"}}, {"model": "admin.logentry", "pk": 199, "fields": {"action_time": "2021-05-08T14:43:11.728Z", "user": 1, "content_type": 14, "object_id": "166", "object_repr": "Warming Wash NAF", "action_flag": 1, "change_message": "[{\"added\": {}}]"}}, {"model": "admin.logentry", "pk": 200, "fields": {"action_time": "2021-05-08T14:43:44.083Z", "user": 1, "content_type": 14, "object_id": "167", "object_repr": "Showshine Refill TIB", "action_flag": 1, "change_message": "[{\"added\": {}}]"}}, {"model": "admin.logentry", "pk": 201, "fields": {"action_time": "2021-05-08T14:44:10.953Z", "user": 1, "content_type": 14, "object_id": "168", "object_repr": "Spray pump Eclipse Biofarmab", "action_flag": 1, "change_message": "[{\"added\": {}}]"}}, {"model": "admin.logentry", "pk": 202, "fields": {"action_time": "2021-05-08T14:44:36.624Z", "user": 1, "content_type": 14, "object_id": "169", "object_repr": "Showsheen Absorbine", "action_flag": 1, "change_message": "[{\"added\": {}}]"}}, {"model": "admin.logentry", "pk": 203, "fields": {"action_time": "2021-05-08T14:46:20.185Z", "user": 1, "content_type": 14, "object_id": "170", "object_repr": "Trek Slim Boot Cavallo BLACK", "action_flag": 1, "change_message": "[{\"added\": {}}]"}}, {"model": "admin.logentry", "pk": 204, "fields": {"action_time": "2021-05-08T14:46:44.354Z", "user": 1, "content_type": 14, "object_id": "171", "object_repr": "Hoof Hoof rasp Heller Excel Mustadrasp Heller Excel Mustad", "action_flag": 1, "change_message": "[{\"added\": {}}]"}}, {"model": "admin.logentry", "pk": 205, "fields": {"action_time": "2021-05-08T14:47:18.261Z", "user": 1, "content_type": 14, "object_id": "172", "object_repr": "Road studs Tunahaken", "action_flag": 1, "change_message": "[{\"added\": {}}]"}}, {"model": "admin.logentry", "pk": 206, "fields": {"action_time": "2021-05-08T14:47:58.471Z", "user": 1, "content_type": 14, "object_id": "173", "object_repr": "Hoof tester", "action_flag": 1, "change_message": "[{\"added\": {}}]"}}, {"model": "admin.logentry", "pk": 207, "fields": {"action_time": "2021-05-08T14:48:38.974Z", "user": 1, "content_type": 14, "object_id": "174", "object_repr": "Tapper", "action_flag": 1, "change_message": "[{\"added\": {}}]"}}, {"model": "admin.logentry", "pk": 208, "fields": {"action_time": "2021-05-08T14:49:11.213Z", "user": 1, "content_type": 14, "object_id": "175", "object_repr": "Nippers", "action_flag": 1, "change_message": "[{\"added\": {}}]"}}, {"model": "admin.logentry", "pk": 209, "fields": {"action_time": "2021-05-08T14:49:38.015Z", "user": 1, "content_type": 14, "object_id": "176", "object_repr": "Clench tongs", "action_flag": 1, "change_message": "[{\"added\": {}}]"}}, {"model": "admin.logentry", "pk": 210, "fields": {"action_time": "2021-05-08T14:50:41.039Z", "user": 1, "content_type": 14, "object_id": "177", "object_repr": "Disinfectant Spray EKODES Pet Showmaster®", "action_flag": 1, "change_message": "[{\"added\": {}}]"}}, {"model": "admin.logentry", "pk": 211, "fields": {"action_time": "2021-05-08T14:51:08.101Z", "user": 1, "content_type": 14, "object_id": "178", "object_repr": "Cohesive bandage Funny Fairfield® BLUE CHECKED", "action_flag": 1, "change_message": "[{\"added\": {}}]"}}, {"model": "admin.logentry", "pk": 212, "fields": {"action_time": "2021-05-08T14:51:46.120Z", "user": 1, "content_type": 14, "object_id": "179", "object_repr": "Jodopax", "action_flag": 1, "change_message": "[{\"added\": {}}]"}}, {"model": "admin.logentry", "pk": 213, "fields": {"action_time": "2021-05-08T14:52:19.217Z", "user": 1, "content_type": 14, "object_id": "180", "object_repr": "Horse salve Radicin Trikem", "action_flag": 1, "change_message": "[{\"added\": {}}]"}}, {"model": "admin.logentry", "pk": 214, "fields": {"action_time": "2021-05-08T14:52:53.375Z", "user": 1, "content_type": 14, "object_id": "181", "object_repr": "Horse salve Skillingaryd", "action_flag": 1, "change_message": "[{\"added\": {}}]"}}, {"model": "admin.logentry", "pk": 215, "fields": {"action_time": "2021-05-08T14:53:20.319Z", "user": 1, "content_type": 14, "object_id": "182", "object_repr": "Cotton", "action_flag": 1, "change_message": "[{\"added\": {}}]"}}, {"model": "admin.logentry", "pk": 216, "fields": {"action_time": "2021-05-08T14:54:14.153Z", "user": 1, "content_type": 14, "object_id": "183", "object_repr": "Leather soap Leather Foam leovet®", "action_flag": 1, "change_message": "[{\"added\": {}}]"}}, {"model": "admin.logentry", "pk": 217, "fields": {"action_time": "2021-05-08T14:54:45.767Z", "user": 1, "content_type": 14, "object_id": "184", "object_repr": "Leather soap Leather Soap leovet®", "action_flag": 1, "change_message": "[{\"added\": {}}]"}}, {"model": "admin.logentry", "pk": 218, "fields": {"action_time": "2021-05-08T14:55:09.972Z", "user": 1, "content_type": 14, "object_id": "185", "object_repr": "Leather conditioner Lether Balsam leovet®", "action_flag": 1, "change_message": "[{\"added\": {}}]"}}, {"model": "admin.logentry", "pk": 219, "fields": {"action_time": "2021-05-08T14:55:40.477Z", "user": 1, "content_type": 14, "object_id": "186", "object_repr": "Horseman´s One Step Absorbine", "action_flag": 1, "change_message": "[{\"added\": {}}]"}}, {"model": "admin.logentry", "pk": 220, "fields": {"action_time": "2021-05-08T17:03:37.722Z", "user": 1, "content_type": 14, "object_id": "34", "object_repr": "Riding breeches Hahn CRW® Ladies WHITE", "action_flag": 2, "change_message": "[{\"changed\": {\"fields\": [\"Category\"]}}]"}}, {"model": "admin.logentry", "pk": 221, "fields": {"action_time": "2021-05-08T17:03:46.980Z", "user": 1, "content_type": 14, "object_id": "32", "object_repr": "Riding leggings Mira CRW® WINE RED", "action_flag": 2, "change_message": "[{\"changed\": {\"fields\": [\"Category\"]}}]"}}, {"model": "admin.logentry", "pk": 222, "fields": {"action_time": "2021-05-08T17:03:55.721Z", "user": 1, "content_type": 14, "object_id": "88", "object_repr": "Kimblewick bit Fairfield® BRASS", "action_flag": 2, "change_message": "[{\"changed\": {\"fields\": [\"Category\"]}}]"}}, {"model": "admin.logentry", "pk": 223, "fields": {"action_time": "2021-05-08T17:04:09.634Z", "user": 1, "content_type": 14, "object_id": "18", "object_repr": "Performance wear Sunstopper 2.0 1/4 Zip ARIAT® NAVY", "action_flag": 2, "change_message": "[{\"changed\": {\"fields\": [\"Category\"]}}]"}}, {"model": "admin.logentry", "pk": 224, "fields": {"action_time": "2021-05-13T11:28:18.291Z", "user": 1, "content_type": 14, "object_id": "18", "object_repr": "Performance wear Sunstopper 2.0 1/4 Zip ARIAT® NAVY", "action_flag": 2, "change_message": "[{\"changed\": {\"fields\": [\"Has sizes\"]}}]"}}, {"model": "admin.logentry", "pk": 225, "fields": {"action_time": "2021-05-13T11:28:24.031Z", "user": 1, "content_type": 14, "object_id": "11", "object_repr": "College jacket Keats ARIAT® BLACK", "action_flag": 2, "change_message": "[{\"changed\": {\"fields\": [\"Has sizes\"]}}]"}}, {"model": "admin.logentry", "pk": 226, "fields": {"action_time": "2021-05-13T11:28:29.329Z", "user": 1, "content_type": 14, "object_id": "10", "object_repr": "Fleece jacket Long sleeved Nelly CRW® BLACK", "action_flag": 2, "change_message": "[{\"changed\": {\"fields\": [\"Has sizes\"]}}]"}}, {"model": "admin.logentry", "pk": 227, "fields": {"action_time": "2021-05-13T11:28:36.201Z", "user": 1, "content_type": 14, "object_id": "10", "object_repr": "Fleece jacket Long sleeved Nelly CRW® BLACK", "action_flag": 2, "change_message": "[]"}}, {"model": "admin.logentry", "pk": 228, "fields": {"action_time": "2021-05-13T11:28:41.212Z", "user": 1, "content_type": 14, "object_id": "9", "object_repr": "Jumper Connie CRW® BLUE", "action_flag": 2, "change_message": "[{\"changed\": {\"fields\": [\"Has sizes\"]}}]"}}, {"model": "admin.logentry", "pk": 229, "fields": {"action_time": "2021-05-13T11:28:47.081Z", "user": 1, "content_type": 14, "object_id": "8", "object_repr": "Fleece jumper Lova Pikeur® DARK GREEN", "action_flag": 2, "change_message": "[{\"changed\": {\"fields\": [\"Has sizes\"]}}]"}}, {"model": "admin.logentry", "pk": 230, "fields": {"action_time": "2021-05-13T11:28:52.770Z", "user": 1, "content_type": 14, "object_id": "8", "object_repr": "Fleece jumper Lova Pikeur® DARK GREEN", "action_flag": 2, "change_message": "[]"}}, {"model": "admin.logentry", "pk": 231, "fields": {"action_time": "2021-05-13T11:28:58.095Z", "user": 1, "content_type": 14, "object_id": "7", "object_repr": "Jumper Pablo CRW® NAVY", "action_flag": 2, "change_message": "[{\"changed\": {\"fields\": [\"Has sizes\"]}}]"}}, {"model": "admin.logentry", "pk": 232, "fields": {"action_time": "2021-05-13T11:29:12.827Z", "user": 1, "content_type": 14, "object_id": "6", "object_repr": "Jumper Pablo CRW® CREME", "action_flag": 2, "change_message": "[{\"changed\": {\"fields\": [\"Has sizes\"]}}]"}}, {"model": "admin.logentry", "pk": 233, "fields": {"action_time": "2021-05-13T11:29:19.713Z", "user": 1, "content_type": 14, "object_id": "5", "object_repr": "Jumper Hoboken JH Collection® SAND", "action_flag": 2, "change_message": "[{\"changed\": {\"fields\": [\"Has sizes\"]}}]"}}, {"model": "admin.logentry", "pk": 234, "fields": {"action_time": "2021-05-13T11:29:26.597Z", "user": 1, "content_type": 14, "object_id": "4", "object_repr": "Jumper Hoboken JH Collection® BLACK", "action_flag": 2, "change_message": "[{\"changed\": {\"fields\": [\"Has sizes\"]}}]"}}, {"model": "admin.logentry", "pk": 235, "fields": {"action_time": "2021-05-13T11:29:35.584Z", "user": 1, "content_type": 14, "object_id": "3", "object_repr": "Performance wear Silver Halfzip JH COPPER BROWN", "action_flag": 2, "change_message": "[{\"changed\": {\"fields\": [\"Has sizes\"]}}]"}}, {"model": "admin.logentry", "pk": 236, "fields": {"action_time": "2021-05-13T11:29:46.436Z", "user": 1, "content_type": 14, "object_id": "3", "object_repr": "Performance wear Silver Halfzip JH COPPER BROWN", "action_flag": 2, "change_message": "[]"}}, {"model": "admin.logentry", "pk": 237, "fields": {"action_time": "2021-05-13T11:29:55.578Z", "user": 1, "content_type": 14, "object_id": "2", "object_repr": "Fleece jacket Classic CRW® Ladies NAVY", "action_flag": 2, "change_message": "[{\"changed\": {\"fields\": [\"Has sizes\"]}}]"}}, {"model": "admin.logentry", "pk": 238, "fields": {"action_time": "2021-05-19T17:40:42.430Z", "user": 1, "content_type": 15, "object_id": "1", "object_repr": "17DBC336F5A142438AD175DBC57204F3", "action_flag": 2, "change_message": "[{\"deleted\": {\"name\": \"order line item\", \"object\": \"Order: 17DBC336F5A142438AD175DBC57204F3\"}}]"}}, {"model": "admin.logentry", "pk": 239, "fields": {"action_time": "2021-05-19T17:41:19.290Z", "user": 1, "content_type": 15, "object_id": "1", "object_repr": "17DBC336F5A142438AD175DBC57204F3", "action_flag": 3, "change_message": ""}}, {"model": "admin.logentry", "pk": 240, "fields": {"action_time": "2021-05-19T17:43:16.949Z", "user": 1, "content_type": 15, "object_id": "2", "object_repr": "A9D342F2BA844253AB251FA6C506D028", "action_flag": 2, "change_message": "[{\"changed\": {\"name\": \"order line item\", \"object\": \"Order: A9D342F2BA844253AB251FA6C506D028\", \"fields\": [\"Quantity\"]}}]"}}, {"model": "admin.logentry", "pk": 241, "fields": {"action_time": "2021-05-22T14:36:42.184Z", "user": 1, "content_type": 14, "object_id": "34", "object_repr": "Riding breeches Hahn CRW® Ladies WHITE", "action_flag": 2, "change_message": "[{\"changed\": {\"fields\": [\"Image\"]}}]"}}, {"model": "admin.logentry", "pk": 242, "fields": {"action_time": "2021-05-22T14:37:58.960Z", "user": 1, "content_type": 14, "object_id": "31", "object_repr": "Riding breeches Hudson JH Collection® GREY GRAPHITE", "action_flag": 2, "change_message": "[{\"changed\": {\"fields\": [\"Image\"]}}]"}}, {"model": "admin.logentry", "pk": 243, "fields": {"action_time": "2021-05-22T14:38:41.375Z", "user": 1, "content_type": 14, "object_id": "43", "object_repr": "Jacket Tammy CRW® BRIGHT AQUA", "action_flag": 2, "change_message": "[{\"changed\": {\"fields\": [\"Image\"]}}]"}}, {"model": "admin.logentry", "pk": 244, "fields": {"action_time": "2021-05-22T14:39:36.954Z", "user": 1, "content_type": 14, "object_id": "57", "object_repr": "Gloves Astoria JH Collection® BLACK", "action_flag": 2, "change_message": "[{\"changed\": {\"fields\": [\"Image\"]}}]"}}, {"model": "admin.logentry", "pk": 245, "fields": {"action_time": "2021-05-22T14:40:26.018Z", "user": 1, "content_type": 14, "object_id": "55", "object_repr": "Gloves Caballos CRW® DARK BROWN", "action_flag": 2, "change_message": "[{\"changed\": {\"fields\": [\"Image\"]}}]"}}, {"model": "admin.logentry", "pk": 246, "fields": {"action_time": "2021-05-22T14:40:55.857Z", "user": 1, "content_type": 14, "object_id": "49", "object_repr": "Gloves Dea CRW® WHITE", "action_flag": 2, "change_message": "[{\"changed\": {\"fields\": [\"Image\"]}}]"}}, {"model": "admin.logentry", "pk": 247, "fields": {"action_time": "2021-05-22T14:41:34.891Z", "user": 1, "content_type": 14, "object_id": "48", "object_repr": "Gloves Grip Roeckl® NAVY", "action_flag": 2, "change_message": "[{\"changed\": {\"fields\": [\"Image\"]}}]"}}, {"model": "admin.logentry", "pk": 248, "fields": {"action_time": "2021-05-22T14:42:28.393Z", "user": 1, "content_type": 14, "object_id": "88", "object_repr": "Kimblewick bit Fairfield® BRASS", "action_flag": 2, "change_message": "[{\"changed\": {\"fields\": [\"Image\"]}}]"}}, {"model": "admin.logentry", "pk": 249, "fields": {"action_time": "2021-05-23T19:23:44.526Z", "user": 1, "content_type": 14, "object_id": "188", "object_repr": "test2", "action_flag": 3, "change_message": ""}}, {"model": "admin.logentry", "pk": 250, "fields": {"action_time": "2021-05-23T19:23:44.553Z", "user": 1, "content_type": 14, "object_id": "187", "object_repr": "test", "action_flag": 3, "change_message": ""}}, {"model": "admin.logentry", "pk": 251, "fields": {"action_time": "2021-05-25T19:05:41.418Z", "user": 1, "content_type": 15, "object_id": "11", "object_repr": "B0A0BB06A0874C2A85D4725EFAE3BDF0", "action_flag": 3, "change_message": ""}}, {"model": "admin.logentry", "pk": 252, "fields": {"action_time": "2021-05-25T19:05:41.448Z", "user": 1, "content_type": 15, "object_id": "10", "object_repr": "5F3E694AFC4547DBA8BD627538120F3E", "action_flag": 3, "change_message": ""}}, {"model": "admin.logentry", "pk": 253, "fields": {"action_time": "2021-05-25T19:05:41.471Z", "user": 1, "content_type": 15, "object_id": "9", "object_repr": "A93DAA2255C94C38991D26E23C10AE42", "action_flag": 3, "change_message": ""}}, {"model": "admin.logentry", "pk": 254, "fields": {"action_time": "2021-05-25T19:05:41.504Z", "user": 1, "content_type": 15, "object_id": "8", "object_repr": "E1806981998B4DAA96E26DAC34B56C0C", "action_flag": 3, "change_message": ""}}, {"model": "admin.logentry", "pk": 255, "fields": {"action_time": "2021-05-25T19:05:41.526Z", "user": 1, "content_type": 15, "object_id": "7", "object_repr": "CFC9E7DE8A8949B48B46471A79340C0F", "action_flag": 3, "change_message": ""}}, {"model": "admin.logentry", "pk": 256, "fields": {"action_time": "2021-05-25T19:05:41.548Z", "user": 1, "content_type": 15, "object_id": "6", "object_repr": "04999E737EE64060A356CFF8237D2DFA", "action_flag": 3, "change_message": ""}}, {"model": "admin.logentry", "pk": 257, "fields": {"action_time": "2021-05-25T19:05:41.570Z", "user": 1, "content_type": 15, "object_id": "5", "object_repr": "59EDF0436841466F9EDD67BD4D670B15", "action_flag": 3, "change_message": ""}}, {"model": "admin.logentry", "pk": 258, "fields": {"action_time": "2021-05-25T19:05:41.592Z", "user": 1, "content_type": 15, "object_id": "4", "object_repr": "B75F292C5D534BA5AEF23C5FAC95C5FD", "action_flag": 3, "change_message": ""}}, {"model": "admin.logentry", "pk": 259, "fields": {"action_time": "2021-05-25T19:05:41.615Z", "user": 1, "content_type": 15, "object_id": "3", "object_repr": "9D725099C034414189745D545CF8DDF9", "action_flag": 3, "change_message": ""}}, {"model": "admin.logentry", "pk": 260, "fields": {"action_time": "2021-05-25T19:05:41.637Z", "user": 1, "content_type": 15, "object_id": "2", "object_repr": "A9D342F2BA844253AB251FA6C506D028", "action_flag": 3, "change_message": ""}}, {"model": "auth.user", "pk": 1, "fields": {"password": "pbkdf2_sha256$260000$RUewg47oVNlaMR41c605bu$rsD5tkUelRoBMoweOTEiXRiKu8j0kqR0wJBSBJDAoCA=", "last_login": "2021-05-25T19:05:25.014Z", "is_superuser": true, "username": "cirruselli", "first_name": "", "last_name": "", "email": "cirruselli@gmail.com", "is_staff": true, "is_active": true, "date_joined": "2021-05-02T08:12:50.564Z", "groups": [], "user_permissions": []}}, {"model": "auth.user", "pk": 2, "fields": {"password": "pbkdf2_sha256$260000$C3HGqam3IOjryRkx9iStCT$ihCou6HirNY++bytizdjXr/hZr6/rYXmmuiyz4KE6Kc=", "last_login": "2021-05-24T17:23:21.112Z", "is_superuser": false, "username": "testytest", "first_name": "", "last_name": "", "email": "test@test.com", "is_staff": false, "is_active": true, "date_joined": "2021-05-23T10:11:03.333Z", "groups": [], "user_permissions": []}}, {"model": "sessions.session", "pk": "0s57cv90boun14jy498k71vnhzw1v3ig", "fields": {"session_data": ".eJxVjEEOgyAQRe_CuiGCoOCye89AZpih2jaQiHbT9O7VxEW7_e_99xYBtnUKW-UlzCQGocTld0OID84HoDvkW5Gx5HWZUR6KPGmVYyF-Xk_3LzBBnfY3coyuQ-V90wO11mirfY-kEpJ2ybMnA8ok7VrXWKDYQctkjYrg0KLfoxVeHOacihjWZePPF-VVPo0:1ljRDr:31ANuxZPSf4gb9dGHpUz8RuzfulR-JzvvV8JqJf6PDM", "expire_date": "2021-06-02T18:47:11.006Z"}}, {"model": "sessions.session", "pk": "n3v5vtbtrti5cddc0q10f67e22bokvo1", "fields": {"session_data": ".eJxVjMEKgzAQRP9lzxJMTDTx2Hu_IexmY01btBiFFvHfq-ChPQ3MvHkreFzm3i85Tj4xtCCh-O0IwyMOx8B3HG6jCOMwT4nEgYhzzeI6cnxeTvZP0GPu9zfFEGxN0rmyQa6MVka5hlh2xMp2LjrWKHWnbGVLgxxqrCIbLQNaMuQOaY45p3Hw8f1K0wfasgDCG7QrKA2tLEBW9Z7b9gWab0T8:1lguLM:PlUfnRwKYZJslDVmkvBK-H4DZ6Do4a6gKQrnAa5Vq0s", "expire_date": "2021-05-26T19:16:28.032Z"}}, {"model": "sessions.session", "pk": "qf6xu371d6m9ezyzgeiytn8btox1y3jr", "fields": {"session_data": ".eJxVjMsOwiAUBf-FtSHl1YJL934DuQ-QqoGktCvjv2uTLnR7Zua8RIRtLXHraYkzi7NQ4vS7IdAj1R3wHeqtSWp1XWaUuyIP2uW1cXpeDvfvoEAv3xoTkR9RhTBMwMZZ7XSYkFVG1j6HFNiCsll74wcHTCOYxM4qAo8Og3h_APPPOGk:1lfQKE:0tjBzya3ojVsyYaZH1s0oIISXPLTOijbr9uzo64sT4c", "expire_date": "2021-05-22T17:01:10.878Z"}}, {"model": "sessions.session", "pk": "sy7pdpvkmrad7o8lt3b9cgi5cdc6h4of", "fields": {"session_data": ".eJxVjMsOwiAUBf-FtSHl1YJL934DuQ-QqoGktCvjv2uTLnR7Zua8RIRtLXHraYkzi7NQ4vS7IdAj1R3wHeqtSWp1XWaUuyIP2uW1cXpeDvfvoEAv3xoTkR9RhTBMwMZZ7XSYkFVG1j6HFNiCsll74wcHTCOYxM4qAo8Og3h_APPPOGk:1llcN3:LlqbL-wWgCjb-r2cVGV2Vy_iTp5a8Uj23jiosKvF20g", "expire_date": "2021-06-08T19:05:41.817Z"}}, {"model": "sessions.session", "pk": "xdvvb26fumpns3k7e8twuycm38qukby4", "fields": {"session_data": ".eJxVjsEOwiAQRP-FsyGUTVvao3e_gezCYlEDBtpEY_x3W9ODznHmzWRewuIyT3apXGz0YhRaHH49QnfltAX-gumcpctpLpHkhsg9rfKUPd-OO_s3MGGd1nYDug_oTAga_cDkWmjaTsGqYTAGyfhAumfCgA1r6AN0BKjZqw60-r6qXGvMyfLjHstTjOr9AaHUP2A:1llEJ2:Rcmfv-IzxdZWKPK1agMtXoPPDLTs13CpO8Uv-jPTVbg", "expire_date": "2021-06-07T17:23:56.876Z"}}, {"model": "sessions.session", "pk": "zanuzxkwtupafyc4ywtgfmgznyjyl9n2", "fields": {"session_data": "e30:1lkkxy:FdAlFIKzMJ4ZoFFsilZL3pLtRgo2GtwUCeIiFdju16I", "expire_date": "2021-06-06T10:04:14.036Z"}}, {"model": "sites.site", "pk": 1, "fields": {"domain": "ellis.example.com", "name": "Ellis"}}, {"model": "account.emailaddress", "pk": 1, "fields": {"user": 1, "email": "cirruselli@gmail.com", "verified": true, "primary": true}}, {"model": "account.emailaddress", "pk": 2, "fields": {"user": 2, "email": "test@test.com", "verified": true, "primary": true}}, {"model": "products.category", "pk": 1, "fields": {"name": "tops", "friendly_name": "Tops"}}, {"model": "products.category", "pk": 2, "fields": {"name": "t_shirts", "friendly_name": "T-shirts"}}, {"model": "products.category", "pk": 3, "fields": {"name": "riding_breeches", "friendly_name": "Riding breeches"}}, {"model": "products.category", "pk": 4, "fields": {"name": "riding_jackets", "friendly_name": "Riding jackets"}}, {"model": "products.category", "pk": 5, "fields": {"name": "riding_gloves", "friendly_name": "Riding gloves"}}, {"model": "products.category", "pk": 6, "fields": {"name": "riding_helmets", "friendly_name": "Riding helmets"}}, {"model": "products.category", "pk": 7, "fields": {"name": "body_protectors", "friendly_name": "Body protectors"}}, {"model": "products.category", "pk": 8, "fields": {"name": "bridles", "friendly_name": "Bridles"}}, {"model": "products.category", "pk": 9, "fields": {"name": "bits", "friendly_name": "Bits"}}, {"model": "products.category", "pk": 10, "fields": {"name": "saddles", "friendly_name": "Saddles"}}, {"model": "products.category", "pk": 11, "fields": {"name": "halters", "friendly_name": "Halters"}}, {"model": "products.category", "pk": 12, "fields": {"name": "grooming_kit", "friendly_name": "Grooming kit"}}, {"model": "products.category", "pk": 13, "fields": {"name": "fur_care", "friendly_name": "Fur care"}}, {"model": "products.category", "pk": 14, "fields": {"name": "farriery", "friendly_name": "Farriery"}}, {"model": "products.category", "pk": 15, "fields": {"name": "medical_care", "friendly_name": "Medical care"}}, {"model": "products.category", "pk": 16, "fields": {"name": "leather_care", "friendly_name": "Leather care"}}, {"model": "products.product", "pk": 2, "fields": {"category": 1, "name": "Fleece jacket Classic CRW® Ladies NAVY", "description": "Fleece jacket with high collar. Two zipped front pockets.\r\nWash 40°.", "has_sizes": true, "price": "36.90", "rating": "5.00", "image": "120982-21-D_1.webp"}}, {"model": "products.product", "pk": 3, "fields": {"category": 1, "name": "Performance wear Silver Halfzip JH COPPER BROWN", "description": "Mock polo neck top in soft technical material with mesh on back and under arms. Zip at collar.\r\nWash 40°.", "has_sizes": true, "price": "42.90", "rating": "3.00", "image": "121248-1U_1.webp"}}, {"model": "products.product", "pk": 4, "fields": {"category": 1, "name": "Jumper Hoboken JH Collection® BLACK", "description": "Sweater with soft brushed interior and zip at front. Elasticated glitter strip on sleeves.\r\nWash 40°.", "has_sizes": true, "price": "63.90", "rating": "5.00", "image": "121317-10_1.webp"}}, {"model": "products.product", "pk": 5, "fields": {"category": 1, "name": "Jumper Hoboken JH Collection® SAND", "description": "Sweater with soft brushed interior and zip at front. Elasticated glitter strip on sleeves.\r\nWash 40°.", "has_sizes": true, "price": "63.90", "rating": "5.00", "image": "121317-71_1.webp"}}, {"model": "products.product", "pk": 6, "fields": {"category": 1, "name": "Jumper Pablo CRW® CREME", "description": "Sweatshirt with soft pleated collar. Round neck, ribbed cuffs and lower edge. Embroidery and decorative stones at front.\r\nWash 40°.", "has_sizes": true, "price": "29.90", "rating": "2.00", "image": "121330-02_1.webp"}}, {"model": "products.product", "pk": 7, "fields": {"category": 1, "name": "Jumper Pablo CRW® NAVY", "description": "Sweatshirt with soft pleated collar. Round neck, ribbed cuffs and lower edge. Embroidery and decorative stones at front.\r\nWash 40°.", "has_sizes": true, "price": "29.90", "rating": "2.00", "image": "121330-21_1.webp"}}, {"model": "products.product", "pk": 8, "fields": {"category": 1, "name": "Fleece jumper Lova Pikeur® DARK GREEN", "description": "Long-sleeved hooded cardigan in stretch fleece with a tailored style.\r\nWash 40°.", "has_sizes": true, "price": "169.90", "rating": "5.00", "image": "121338-1G_1.webp"}}, {"model": "products.product", "pk": 9, "fields": {"category": 1, "name": "Jumper Connie CRW® BLUE", "description": "Cable knit sweater.\r\nWash 40°.", "has_sizes": true, "price": "31.90", "rating": "4.00", "image": "121553-20_1.webp"}}, {"model": "products.product", "pk": 10, "fields": {"category": 1, "name": "Fleece jacket Long sleeved Nelly CRW® BLACK", "description": "Long-sleeved jacket in stretch fleece with a high collar. Two-way zip and two zipped front pockets with decorative stirrup detail. Ribbed cuffs with thumb holes.\r\nTwo-way front zip.\r\nWash 40°.", "has_sizes": true, "price": "52.90", "rating": "4.00", "image": "121612-10_1.webp"}}, {"model": "products.product", "pk": 11, "fields": {"category": 1, "name": "College jacket Keats ARIAT® BLACK", "description": "Stretchy fleece hoodie. Two zipped pockets at front.\r\nFunctional material.\r\nWash 30°.", "has_sizes": true, "price": "80.90", "rating": "1.00", "image": "121631-10_1.webp"}}, {"model": "products.product", "pk": 12, "fields": {"category": 2, "name": "Competition top Short sleeved Phiola Pikeur® WHITE", "description": "Short-sleeved competition shirt with glitter decorations on collar and concealed fastening at front. Mesh panels at front and back for optimal ventilation.\r\nWash 40°.", "has_sizes": false, "price": "97.90", "rating": "4.00", "image": "120934-01_1.webp"}}, {"model": "products.product", "pk": 13, "fields": {"category": 2, "name": "Top Bea CRW® VIOLET", "description": "Sleeveless top with collar in technical stretch material.\r\nWash 40°.", "has_sizes": false, "price": "19.90", "rating": "2.00", "image": "121253-1T_1.webp"}}, {"model": "products.product", "pk": 14, "fields": {"category": 2, "name": "Performance wear Oriole JH Collection® NAVY", "description": "Long-sleeved, technical shirt with mock polo neck. With perforated panels at front, at back and on sleeves.\r\nWash 40°.", "has_sizes": false, "price": "52.90", "rating": "4.00", "image": "121258-21_1.webp"}}, {"model": "products.product", "pk": 15, "fields": {"category": 2, "name": "Competition top Short sleeved Zazza CRW® BLACK", "description": "Short-sleeved competition shirt in soft, stretchy technical material with mesh on back. Concealed zip in collar.\r\nWash 40°.", "has_sizes": false, "price": "42.90", "rating": "4.00", "image": "121318-10_1.webp"}}, {"model": "products.product", "pk": 16, "fields": {"category": 2, "name": "Performance wear Francis CRW® BLUE", "description": "T-shirt in soft, stretchy technical material.\r\nWash 40°.", "has_sizes": false, "price": "26.90", "rating": "3.00", "image": "121321-20_1.webp"}}, {"model": "products.product", "pk": 17, "fields": {"category": 2, "name": "Top Benny CRW® WHITE", "description": "T-shirt with print and rounded bottom edge. Slightly fitted shape.\r\nWash 40°.", "has_sizes": false, "price": "13.90", "rating": "1.00", "image": "121326-01_1.webp"}}, {"model": "products.product", "pk": 18, "fields": {"category": 1, "name": "Performance wear Sunstopper 2.0 1/4 Zip ARIAT® NAVY", "description": "Thin long-sleeved top from Ariat in comfortable technical material, with Sunstopper function that protects the skin from UV rays. Mesh panels on sleeves.\r\nFunctional material.\r\nWash 40°.", "has_sizes": true, "price": "54.90", "rating": "5.00", "image": "121332-21_1.webp"}}, {"model": "products.product", "pk": 19, "fields": {"category": 2, "name": "Top Short sleeved Laguna ARIAT® CORAL", "description": "Short-sleeved V-neck shirt in soft, stretchy technical material.\r\nFunctional material.\r\nWash 30°.", "has_sizes": false, "price": "30.90", "rating": "5.00", "image": "121333-89_1.jpg"}}, {"model": "products.product", "pk": 20, "fields": {"category": 2, "name": "Piqué Short sleeved Talent Polo ARIAT® NAVY", "description": "Stretchy piqué polo shirt in soft technical material. Fastening at neck.\r\nFunctional material.\r\nWash 30°.", "has_sizes": false, "price": "52.90", "rating": "1.00", "image": "121334-21_1.webp"}}, {"model": "products.product", "pk": 21, "fields": {"category": 2, "name": "Top Short sleeved Linee Pikeur® DARK GREEN", "description": "Short-sleeved training top with mesh panel on back for optimal ventilation.\r\nWash 40°.", "has_sizes": false, "price": "75.90", "rating": "2.00", "image": "121337-1G_1.webp"}}, {"model": "products.product", "pk": 22, "fields": {"category": 2, "name": "Top Short sleeved Birdy Pikeur® GREY GRAPHITE", "description": "Short-sleeved training top with glitter decoration on collar.\r\nWash 40°.", "has_sizes": false, "price": "87.90", "rating": "3.00", "image": "121339-11_1.webp"}}, {"model": "products.product", "pk": 23, "fields": {"category": 2, "name": "Top Short sleeved Birdy Pikeur® WINE RED", "description": "Short-sleeved training top with glitter decoration on collar.\r\nWash 40°.", "has_sizes": false, "price": "87.90", "rating": "4.00", "image": "121339-53_1.webp"}}, {"model": "products.product", "pk": 24, "fields": {"category": 3, "name": "Riding breeches Carrie CRW® BLACK", "description": "Jersey riding breeches reinforced at knees. Belt loops on waistband. Elastic at ankles. Inner leg length approx. 67 cm in women's sizes.\r\nWash 40°.", "has_sizes": false, "price": "42.90", "rating": "2.00", "image": "100028-10_1.webp"}}, {"model": "products.product", "pk": 25, "fields": {"category": 3, "name": "Riding breeches Full seat New Sure Seat CRW® Ladies OFFWHITE", "description": "Plain knit riding breeches with a comfortable fit. Full-seat with PU grip material. Elastic at ankles for maximum comfort. Inner leg length approx. 67 cm in women's sizes.\r\nWash 40°.", "has_sizes": false, "price": "54.90", "rating": null, "image": "100077-03-D_1.webp"}}, {"model": "products.product", "pk": 26, "fields": {"category": 3, "name": "Riding breeches Full seat New Sure Seat CRW® Ladies WINE RED", "description": "Plain knit riding breeches with a comfortable fit. Full-seat with PU grip material. Elastic at ankles for maximum comfort. Inner leg length approx. 67 cm in women's sizes.\r\nWash 40°.", "has_sizes": false, "price": "54.90", "rating": null, "image": "100077-53-D_1.webp"}}, {"model": "products.product", "pk": 27, "fields": {"category": 3, "name": "Riding breeches Fiona CRW® DENIMBLUE", "description": "Riding breeches in stretchy denim, full-seat with PU for excellent grip. 5-pocket jeans with seams in contrasting colour. Inner leg length approx. 70 cm in size 38.\r\nWash 40°.", "has_sizes": false, "price": "82.90", "rating": null, "image": "100334-24_1.webp"}}, {"model": "products.product", "pk": 28, "fields": {"category": 3, "name": "Riding breeches Holly CRW® Ladies WINE RED", "description": "Saddle fit riding breeches, full-seat in PU for optimal grip. Belt loops on waistband. Elastic at ankles. Inner leg length approx. 68 cm in women's sizes.\r\nWash 40°.", "has_sizes": false, "price": "84.90", "rating": null, "image": "100396-53-D_1.webp"}}, {"model": "products.product", "pk": 29, "fields": {"category": 3, "name": "Riding breeches Full seat Ceraja CRW® BEIGE", "description": "Saddle-cut riding breeches in recycled polyester. Full-seat with PU grip material. Two concealed zipped pockets in front. Belt loops on waistband. Elastic at ankles.\r\nWash 40°.", "has_sizes": false, "price": "84.90", "rating": null, "image": "100403-73_1.webp"}}, {"model": "products.product", "pk": 30, "fields": {"category": 3, "name": "Riding breeches Full seat Queen JH Collection® COPPER BROWN", "description": "Woven saddle fit riding breeches made of Radilon, a quick-drying technical material. Full-seat with PU grip material. Elastic jersey material at ankles. Belt loops on waistband. Two front pockets and two back pockets.\r\nWash 40°.", "has_sizes": false, "price": "110.90", "rating": "5.00", "image": "100406-1U_1.webp"}}, {"model": "products.product", "pk": 31, "fields": {"category": 3, "name": "Riding breeches Hudson JH Collection® GREY GRAPHITE", "description": "Woven riding breeches in quick-drying technical material. PU grip material on knees and seat. Elastic jersey material at ankles. Belt loops on waistband. Two zipped pockets at front, one mobile pocket on side.\r\nWash 40°.", "has_sizes": false, "price": "104.90", "rating": null, "image": "100418-11_1.webp"}}, {"model": "products.product", "pk": 32, "fields": {"category": 3, "name": "Riding leggings Mira CRW® WINE RED", "description": "Riding leggings in stretchy technical material. Full-seat in PU. Broad waistband. Concealed coin pocket.\r\nWash 40°.", "has_sizes": false, "price": "67.90", "rating": null, "image": "100490-53_1.webp"}}, {"model": "products.product", "pk": 33, "fields": {"category": 3, "name": "Riding leggings Full seat Zorro CRW® BLACK", "description": "Full-seat riding leggings in stretchy PU grip material. Elastic mesh panels at ankles. Zipped pocket at back centre of waist, concealed zip on front of left leg.\r\nWash 40°.", "has_sizes": false, "price": "72.90", "rating": null, "image": "100495-10_1.webp"}}, {"model": "products.product", "pk": 34, "fields": {"category": 3, "name": "Riding breeches Hahn CRW® Ladies WHITE", "description": "Saddle fit riding breeches in woven material, full-seat in PU for optimal grip in the saddle. Pockets at front, zipped pockets at back. Rivet detailing both at the front and back. Elastic at ankles for increased comfort.\r\nWash 40°.", "has_sizes": false, "price": "104.90", "rating": null, "image": "100559-01-D_1.webp"}}, {"model": "products.product", "pk": 35, "fields": {"category": 4, "name": "Jacket Softshell New Team ARIAT® NAVY", "description": "Wind- and water-resistant softshell jacket with thin microfleece lining. Embroidered ARIAT logo on sleeve. Two zipped pockets at front.\r\nBreathability.\r\nFunctional material.\r\nWash 40°.", "has_sizes": false, "price": "114.90", "rating": null, "image": "110453-21_1.webp"}}, {"model": "products.product", "pk": 36, "fields": {"category": 4, "name": "Jacket Lien Pikeur® BLACK", "description": "Lightly padded hybrid jacket in mixed materials. Two zipped pockets at front.\r\nWash 40°.", "has_sizes": false, "price": "179.90", "rating": "4.00", "image": "111409-10_1.webp"}}, {"model": "products.product", "pk": 37, "fields": {"category": 4, "name": "Jacket Carmen CRW® BLUE", "description": "Lightweight jacket with two zipped front pockets. Elastic edging at bottom edge and wrists. Waterproofed with Rudolf Bionic Finish Eco.\r\nWash 40°.", "has_sizes": false, "price": "52.90", "rating": null, "image": "111457-20_1.webp"}}, {"model": "products.product", "pk": 38, "fields": {"category": 4, "name": "Jacket Nova CRW® PINK", "description": "Water-resistant high vis jacket in thermal softshell fabric with 4-way stretch. Four zipped front pockets. High collar with detachable hood. Ergonomic pre-shaped sleeves and adjustable cuffs. Reflectors on front, back and on sleeves for high visibility in the dark.\r\n3000 mm water column.\r\n3000 MVT breathability.\r\nTwo-way front zip.\r\nWash 40°.", "has_sizes": false, "price": "72.90", "rating": null, "image": "111472-54_1.webp"}}, {"model": "products.product", "pk": 39, "fields": {"category": 4, "name": "Parka Estelle CRW® NAVY", "description": "Water-repellent lightweight parka with high collar and removable hood. Drawstring at waist, riding vent at back. Two concealed front pockets, one pocket on left sleeve.\r\nTwo-way front zip.\r\nWash 40°.", "has_sizes": false, "price": "73.90", "rating": null, "image": "111476-21_1.webp"}}, {"model": "products.product", "pk": 40, "fields": {"category": 4, "name": "Jacket Wooster JH Collection® COPPER BROWN", "description": "Hybrid jacket with padded panels on front, back and sleeves. Stretchy fleece on sides and sleeves. Two zipped pockets, detachable hood. Waterproofed with Rudolf Bionic Finish Eco.\r\nWash 40°.", "has_sizes": false, "price": "84.90", "rating": null, "image": "111478-1U_1.webp"}}, {"model": "products.product", "pk": 41, "fields": {"category": 4, "name": "Jacket Joshuan JH Collection® OLIVE GREEN", "description": "Waterproof, breathable jacket in tailored style. Two large zipped front pockets, one zipped inner pocket. Drawstring at back of waist for optimal fit. Brushed polyester jersey inside collar. Long zipped riding vent at back. Thumb holes at ends of sleeves. Waterproofed with Rudolf Bionic Finish Eco.\r\n5000 mm water column.\r\n5000 MVT breathability.\r\nTwo-way front zip.\r\nRemovable hood.\r\nWash 40°.", "has_sizes": false, "price": "139.90", "rating": null, "image": "111482-42_1.webp"}}, {"model": "products.product", "pk": 42, "fields": {"category": 4, "name": "Jacket Tone CRW® NAVY", "description": "Waterproof riding jacket designed for comfort and freedom of movement. Mesh lining for improved ventilation. Ergonomic pre-shaped sleeves with adjustable Velcro fastening at cuffs. Two zipped riding vents at back. Three zipped front pockets and zipped inner pocket. Treated with Rudolf Bionic Finish Eco.\r\n5000 mm water column.\r\n5000 MVT breathability.\r\nReflective details.\r\nTaped seams.\r\nTwo-way front zip.\r\nRemovable hood.\r\nWash 40°.", "has_sizes": false, "price": "94.90", "rating": "5.00", "image": "111489-21_1.webp"}}, {"model": "products.product", "pk": 43, "fields": {"category": 4, "name": "Jacket Tammy CRW® BRIGHT AQUA", "description": "Quilted, padded jacket with non-detachable hood. Two zipped front pockets. Waterproofed with Rudolf Bionic Finish Eco.\r\nTwo-way front zip.\r\nWash 40°.", "has_sizes": false, "price": "63.90", "rating": null, "image": "111491-1S_1.webp"}}, {"model": "products.product", "pk": 44, "fields": {"category": 4, "name": "Jacket Tammy CRW® BLACK", "description": "Quilted, padded jacket with non-detachable hood. Two zipped front pockets. Waterproofed with Rudolf Bionic Finish Eco.\r\nTwo-way front zip.\r\nWash 40°.", "has_sizes": false, "price": "63.90", "rating": null, "image": "111491-10_1.webp"}}, {"model": "products.product", "pk": 45, "fields": {"category": 5, "name": "Gloves Muenster Roeckl® GREY", "description": "Gloves with thin, elastic Vita Lycra on back of hand and ROECK-AIR on the inside for good fit and breathability. A hardwearing glove with slim fit and excellent grip. Touchscreen compatible.\r\nWash 30°.", "has_sizes": false, "price": "52.90", "rating": null, "image": "150018-12_1.webp"}}, {"model": "products.product", "pk": 46, "fields": {"category": 5, "name": "Gloves Milano Roeckl® NAVY", "description": "The Milano glove is made of high-quality materials and features ROECKL's exclusive COMFORT CUT, which ensures a comfortable fit without uncomfortable seams. The backhand is made of stretch Spandex, while the palm is made of digital suede. This material is flexible and durable. It provides a perfect grip of the reigns to give you good contact with your horse. Featuring a smart design where the palm material goes down round the wrist and up onto the backhand, where the material is held together with a practical fastener without uncomfortable seams.\r\nWash 30°.", "has_sizes": false, "price": "30.90", "rating": null, "image": "150019-21_1.webp"}}, {"model": "products.product", "pk": 47, "fields": {"category": 5, "name": "Gloves Blocka CRW® BLACK", "description": "Beautiful, soft riding gloves in synthetic suede, with a warm fleece lining. Reinforced palms.\r\nWash 30°.", "has_sizes": false, "price": "19.90", "rating": null, "image": "150067-10_1.webp"}}, {"model": "products.product", "pk": 48, "fields": {"category": 5, "name": "Gloves Grip Roeckl® NAVY", "description": "Durable, classic-style riding gloves. Made from light, flexible and breathable synthetic leather. Fits like a second skin, giving a real feel for the reins and excellent grip. Touch-screen compatible.\r\nWash 30°.", "has_sizes": false, "price": "45.90", "rating": null, "image": "150076-21_1.webp"}}, {"model": "products.product", "pk": 49, "fields": {"category": 5, "name": "Gloves Dea CRW® WHITE", "description": "Stylish cotton glove with PVC dots and velcro fastening.\r\nWash 40°.", "has_sizes": false, "price": "6.90", "rating": null, "image": "150098-01_1.webp"}}, {"model": "products.product", "pk": 50, "fields": {"category": 5, "name": "Gloves Margit CRW® DARK BROWN", "description": "Gloves with soft waxed goatskin on palm and at wear points. Stretchy polyester on back of hand. Elastic around wrist for extra flexible fit.", "has_sizes": false, "price": "29.90", "rating": null, "image": "150108-80_1.webp"}}, {"model": "products.product", "pk": 51, "fields": {"category": 5, "name": "Gloves Ekemir CRW® BLACK", "description": "Comfortable gloves in faux leather with secure silicone grip.\r\nHand wash.", "has_sizes": false, "price": "24.90", "rating": null, "image": "150160-10_1.webp"}}, {"model": "products.product", "pk": 52, "fields": {"category": 5, "name": "Gloves Top Spin CRW® WHITE", "description": "Classic riding gloves with embossed pattern. Made of soft synthetic material with excellent grip.\r\nHand wash.", "has_sizes": false, "price": "23.90", "rating": null, "image": "150164-01_1.webp"}}, {"model": "products.product", "pk": 53, "fields": {"category": 5, "name": "Gloves Bright CRW® YELLOW", "description": "Gloves in fluorescent material with warm lining and reflective details. Reinforced on hand.\r\nReflective details.\r\nWind and water-repellent with breathability.\r\nWash 40°.", "has_sizes": false, "price": "18.90", "rating": null, "image": "150176-30_1.webp"}}, {"model": "products.product", "pk": 54, "fields": {"category": 5, "name": "Gloves Top Spin Winter CRW® NAVY", "description": "Classic riding gloves with warm lining and embossed pattern. Made of soft synthetic material with excellent grip.\r\nWash 40°.", "has_sizes": false, "price": "24.90", "rating": null, "image": "150178-21_1.jpg"}}, {"model": "products.product", "pk": 55, "fields": {"category": 5, "name": "Gloves Caballos CRW® DARK BROWN", "description": "Riding gloves with soft synthetic suede on palms. Printed for exceptional grip. Mesh on top for ventilation.\r\nWash 40°.", "has_sizes": false, "price": "24.90", "rating": null, "image": "150187-80_1.webp"}}, {"model": "products.product", "pk": 56, "fields": {"category": 5, "name": "Gloves Milano Winter Roeckl® BLACK", "description": "Warm winter gloves with fleece lining. Spandex on back of hand with 2-way stretch for optimal fit. Featuring Roeckl's exclusive COMFORT CUT for an excellent fit without chafing seams. The palm is made of digital suede, a flexible, hardwearing material.\r\nWash 30°.", "has_sizes": false, "price": "36.90", "rating": null, "image": "150188-10_1.webp"}}, {"model": "products.product", "pk": 57, "fields": {"category": 5, "name": "Gloves Astoria JH Collection® BLACK", "description": "Riding gloves with soft synthetic suede on palms, patterned for exceptional grip. Elastic upper for a snug fit. Velcro closure.\r\nWash 40°.", "has_sizes": false, "price": "26.90", "rating": null, "image": "150189-10_1.webp"}}, {"model": "products.product", "pk": 58, "fields": {"category": 5, "name": "Gloves Anna CRW® BLACK", "description": "Classic riding gloves with Velcro fastening. Made of soft synthetic material with excellent grip.\r\nHand wash.", "has_sizes": false, "price": "24.90", "rating": null, "image": "150207-10_1.webp"}}, {"model": "products.product", "pk": 59, "fields": {"category": 6, "name": "Riding helmet VG1 Classic CRW® BLACK", "description": "Riding helmet padded with microfibre suede. Size is adjustable to ensure a perfect fit. XS: 52-54. S: 54-56. M: 56-58. L: 59-61.\r\nWeight approx. 450 g.\r\nSoft peak for reduced risk of injury\r\nSize adjustment.\r\nThree-point fastening.\r\nFront and back ventilation.\r\nVentilation through bobble.\r\nWashable functional lining.\r\nWash 40°.", "has_sizes": false, "price": "49.90", "rating": null, "image": "230073-10_1.webp"}}, {"model": "products.product", "pk": 60, "fields": {"category": 6, "name": "Riding helmet VG1 Advantage CRW®", "description": "Elegant riding helmet with ABS outershell and metallic details with decorative middle section. Size can be adjusted with a screw at the back for a perfect fit. Adjustable nylon chin strap with PU leather. Removable and washable lining. S: 53-55, M: 56-58, L: 59-61.\r\nWeight approx. 420 g.\r\nSize adjustment.\r\nThree-point fastening.\r\nFront and back ventilation.\r\nWashable functional lining.", "has_sizes": false, "price": "105.00", "rating": null, "image": "230121-13_1.webp"}}, {"model": "products.product", "pk": 61, "fields": {"category": 6, "name": "Riding helmet VG1 Advantage Sun CRW® BLACK/GOLD", "description": "Lightweight riding helmet in matt ABS plastic with metallic detailing. With wide peak that provides protection from sunlight and bright spotlights. Ventilation slots at back and front help you stay cool when riding. Nylon harness with PU leather detailing and screw for adjusting the fit. Removable, washable lining helps keep the helmet fresh and clean. Size S: 53-55, M: 56-58, L: 59-61.\r\nSize adjustment.\r\nThree-point fastening.\r\nFront and back ventilation.", "has_sizes": false, "price": "129.00", "rating": null, "image": "230126-2A_1.webp"}}, {"model": "products.product", "pk": 62, "fields": {"category": 6, "name": "Riding helmet VG1 Advantage Sun CRW® NAVY", "description": "Lightweight riding helmet in matt ABS plastic with metallic detailing. With wide peak that provides protection from sunlight and bright spotlights. Ventilation slots at back and front help you stay cool when riding. Nylon harness with PU leather detailing and screw for adjusting the fit. Removable, washable lining helps keep the helmet fresh and clean. Size S: 53-55, M: 56-58, L: 59-61.\r\nSize adjustment.\r\nThree-point fastening.\r\nFront and back ventilation.", "has_sizes": false, "price": "129.00", "rating": null, "image": "230126-21_1.webp"}}, {"model": "products.product", "pk": 63, "fields": {"category": 6, "name": "Riding helmet VG1 AYR8 Plus Charles Owen BLACK/GOLD", "description": "Leather-look riding helmet with a low profile. Soft leather-look GRpx chin strap. Twelve discreet front and rear ventilation slots help maintain a comfortable temperature when riding. Removable and washable lining. Available in six colours and in sizes 52-60. For more information contact our customer services.\r\nSize adjustment.\r\nFront and back ventilation.\r\nWashable functional lining.", "has_sizes": false, "price": "389.90", "rating": null, "image": "230161-2A_1.webp"}}, {"model": "products.product", "pk": 64, "fields": {"category": 6, "name": "Riding helmet VG1 Matrix Mips JH Collection® NAVY", "description": "Riding helmet with MIPS, a technology that mimics the brain's natural safety system. When the head is subjected to angled impact, this system allows the brain to move in the cerebrospinal fluid, which reduces trauma to the brain. The MIPS system has an integrated low-friction liner that can absorb part of the energy that could otherwise cause brain damage in the event of angled impact. Removable and washable lining. Adjustable with one button at back. S: 52-54 cm. M: 55-57 cm. L: 58-60 cm. PU chin strap.\r\nMIPS* Safety system.\r\nSize adjustment.\r\nThree-point fastening.\r\nFront and back ventilation.", "has_sizes": false, "price": "159.90", "rating": null, "image": "230168-21_1.webp"}}, {"model": "products.product", "pk": 65, "fields": {"category": 6, "name": "Riding helmet VG1 EQ3 Lynx Smooth Top Mips Back on Track® BLACK", "description": "Riding helmet with MIPS, a technology that mimics the brain's natural safety system. When the head is subjected to angled impact, this system allows the brain to move in the cerebrospinal fluid, which reduces trauma to the brain. The helmet is equipped with an MIPS system, an integrated low-friction liner that can absorb part of the energy that could otherwise cause brain damage. The helmet is designed and approved for use in all riding disciplines. Adjustable with one button at back. Weight 600 g. S: 50-53 cm. M: 54-58 cm. L: 59-61 cm.\r\nMIPS* Safety system.\r\nSoft peak for reduced risk of injury\r\nThree-point fastening.\r\nFront and back ventilation.\r\nEar protection bars.\r\nWashable functional lining.", "has_sizes": false, "price": "199.00", "rating": null, "image": "230173-10_1.webp"}}, {"model": "products.product", "pk": 66, "fields": {"category": 6, "name": "Riding helmet VG1 Crystalline CRW® NAVY", "description": "Riding helmet in microfibre decorated with crystals and glitter. Adjustable size. Nylon chin strap. Removable and washable lining. XS: 49-51 cm. S: 52-54 cm. M: 55-57 cm. L: 58-60 cm.\r\nSize adjustment.\r\nThree-point fastening.", "has_sizes": false, "price": "79.90", "rating": null, "image": "230191-21_1.webp"}}, {"model": "products.product", "pk": 67, "fields": {"category": 6, "name": "Riding helmet VG1 YR8 Sparkling Charles Owen NAVY", "description": "Riding helmet in microfibre with decorative glitter panel at centre. Four discreet ventilation slots help maintain a comfortable temperature when riding. Nylon harness and chin strap. Certified according to PAS 015:2011.\r\nThree-point fastening.", "has_sizes": false, "price": "199.90", "rating": null, "image": "230194-21_1.webp"}}, {"model": "products.product", "pk": 68, "fields": {"category": 6, "name": "Riding helmet VG1 Artemis LAMI-CELL BLACK", "description": "Riding helmet with glittery microsuede surface. With screw at back to adjust the fit. Wide peak provides protection from sunlight and bright spotlights. Removable and washable lining.\r\nSize adjustment.", "has_sizes": false, "price": "179.90", "rating": null, "image": "230206-10_1.webp"}}, {"model": "products.product", "pk": 69, "fields": {"category": 6, "name": "Riding helmet VG1 Pardus Smooth Top Back on Track® BLACK", "description": "EQ3 Pardus with screw adjustment system for optimal fit. With a smooth, matt outer finish. Pardus has good ventilation thanks to several different air holes on the front and back of the helmet. The lining in the helmet is removable and made of Coolmax which transports away moisture. The lining can easily be washed clean with lukewarm water. Pardus is equipped with the same MIPS rotation system. The MIPS Brain Protection System significantly increases protection against brain damage. The MIPS system mimics the natural safety system in the human head. When the head is subjected to angled impact, this system allows the brain to move in the cerebrospinal fluid, which reduces trauma to the brain in the event of angled impact. The MIPS system is the yellow moving shell you can see inside all Back on Track helmets. The helmet has a fit for slightly more elongated heads and you may need to go up one size from your previous helmet.", "has_sizes": false, "price": "239.00", "rating": null, "image": "230207-10_1.webp"}}, {"model": "products.product", "pk": 70, "fields": {"category": 8, "name": "Combined noseband bridle Winford Fairfield® DARK BROWN", "description": "Combined noseband bridle with light-coloured decorative stitching on noseband and headband. Soft lining at noseband, neck and browband. Anatomically shaped headpiece. Fully removable Aachen strap. Cheek pieces with bit rings.\r\nSilver coloured buckle.\r\nWithout reins.", "has_sizes": false, "price": "45.90", "rating": null, "image": "300334-80_1.webp"}}, {"model": "products.product", "pk": 71, "fields": {"category": 8, "name": "Bridles Ashton Fairfield® DARK BROWN", "description": "Bridle with wide crown piece and soft padding, designed to reduce pressure on the horse's neck. Quick-release fastener under the jaw with a moveable panel, adjustable height and length. Extra padding on bridge of nose. Curved browband with soft lining.\r\nSilver coloured buckle.\r\nWithout reins.", "has_sizes": false, "price": "84.90", "rating": null, "image": "300403-80_1.webp"}}, {"model": "products.product", "pk": 72, "fields": {"category": 8, "name": "Drop noseband bridle Falston Fairfield® DARK BROWN", "description": "Drop noseband bridle with anatomically shaped neck piece and curved browband. Soft padding on neck, browband and nose. Cheek pieces with bit rings.\r\nSilver coloured buckle.\r\nWithout reins.", "has_sizes": false, "price": "38.90", "rating": null, "image": "300428-80_1.webp"}}, {"model": "products.product", "pk": 73, "fields": {"category": 8, "name": "Sidepull Fairfield® BLACK", "description": "Sidepull bridle with soft lining at noseband, neck and browband.\r\nSilver coloured buckle.\r\nWithout reins.", "has_sizes": false, "price": "63.90", "rating": null, "image": "300555-10_1.webp"}}, {"model": "products.product", "pk": 74, "fields": {"category": 8, "name": "Grackle bridle Harlow Fairfield® BLACK", "description": "Grackle bridle with pre-shaped nose piece and soft panel under jaw. Wide shaped neck piece, curved browband. Soft padding on neck, browband and nose. White decorative seams.\r\nSilver coloured buckle.\r\nReins not included.", "has_sizes": false, "price": "59.90", "rating": null, "image": "300617-10_1.webp"}}, {"model": "products.product", "pk": 75, "fields": {"category": 8, "name": "Combined noseband bridle Heart Fairfield® DARK BROWN", "description": "Combined noseband bridle with soft lining at noseband and browband. Decorated with silver-coloured heart with white rhinestones.\r\nSilver coloured buckle.\r\nWithout reins.", "has_sizes": false, "price": "49.90", "rating": null, "image": "300621-80_1.webp"}}, {"model": "products.product", "pk": 76, "fields": {"category": 8, "name": "Bridles Croston Fairfield® DARK BROWN", "description": "Bridle with curved, soft padded noseband designed to prevent pressure over sensitive areas. Anatomically shaped crownpiece with a cut-out section in the middle. The bit is attached to an adjustable leather strap. Curved lined browband. Without throat lash.\r\nSilver coloured buckle.\r\nWithout reins.", "has_sizes": false, "price": "74.90", "rating": null, "image": "300622-10_1.webp"}}, {"model": "products.product", "pk": 77, "fields": {"category": 8, "name": "Bridles Croston Fairfield® BLACK", "description": "Bridle with curved, soft padded noseband designed to prevent pressure over sensitive areas. Anatomically shaped crownpiece with a cut-out section in the middle. The bit is attached to an adjustable leather strap. Curved lined browband. Without throat lash.\r\nSilver coloured buckle.\r\nWithout reins.", "has_sizes": false, "price": "74.90", "rating": null, "image": "300622-80_1.webp"}}, {"model": "products.product", "pk": 78, "fields": {"category": 8, "name": "Combined noseband bridle Axford Fairfield® DARK BROWN", "description": "Combined noseband bridle decorated with brass-coloured clinchers on headband and noseband, which have soft lining.\r\nWithout reins.", "has_sizes": false, "price": "54.90", "rating": null, "image": "300623-80_1.webp"}}, {"model": "products.product", "pk": 79, "fields": {"category": 8, "name": "Bridles Catani JH Collection® BLACK", "description": "Combined noseband bridle made from European leather. Slightly curved 3.5 cm wide noseband with soft padding. Removable pullback quick-release fastener. Fully removable Aachen strap and throat lash. Curved lined browband. Wide neck with padding in two sections. Cheek pieces with bit rings.\r\nSilver coloured buckle.\r\nWithout reins.", "has_sizes": false, "price": "109.90", "rating": null, "image": "300693-10_1.webp"}}, {"model": "products.product", "pk": 80, "fields": {"category": 8, "name": "Combined noseband bridle Modin JH Collection® COGNAC", "description": "Combined noseband bridle made of Swedish vegetable-tanned leather from Tärnsjö Tannery (not lined). Soft lining at noseband and neck. Removable Aachen strap.\r\nSilver coloured buckle.", "has_sizes": false, "price": "125.00", "rating": null, "image": "300697-63_1.webp"}}, {"model": "products.product", "pk": 81, "fields": {"category": 8, "name": "Combined noseband bridle Chelsea Fairfield® BLACK", "description": "Combined noseband bridle. Round-sewn, with 4 cm wide, lacquered noseband and curved browband. Crown piece with soft lining and raised edges allowing the strap for the noseband and cheek pieces to pass above it. Pull-back fastening.\r\nSilver coloured buckle.\r\nWithout reins.", "has_sizes": false, "price": "64.90", "rating": null, "image": "300699-10_1.webp"}}, {"model": "products.product", "pk": 82, "fields": {"category": 7, "name": "Body protector Junior Minerva CRW® BLACK", "description": "The cushion-like panels in the vest provide maximum protection from knocks and impact on one side and a perfect fit on the other side. The panels are positioned to provide maximum freedom of movement with the highest possible protection. Easily adjustable at sides and over shoulders for an optimal fit. The material, fit and function combined with the highest safety standards on the market, EN 13158 and Level 3, BETA certified, provide a vest that is ideal for both beginners and more advanced riders.", "has_sizes": false, "price": "159.90", "rating": null, "image": "230026-10_1.webp"}}, {"model": "products.product", "pk": 83, "fields": {"category": 7, "name": "Body protector Men’s Outlyne Airowear BLACK", "description": "Velcro on waist and shoulders, easily adjustable. Front zip. Ventilated, soft stuffing.M3 (size 46) M4 (size 48) M5 (size 50).\r\nRemovable outer.\r\nCE and BETA 2009 level 3 Approved\r\nHand wash.", "has_sizes": false, "price": "279.00", "rating": null, "image": "230042-10_1.webp"}}, {"model": "products.product", "pk": 84, "fields": {"category": 7, "name": "Body protector Adult Ares CRW® NAVY", "description": "Separate panels for ultimate comfort and movement. Adjustable with Velcro on shoulders and lacing down the sides. A good value for money and popular body protector. Front zip CE, Level 3 approved.\r\nHand wash.", "has_sizes": false, "price": "109.90", "rating": null, "image": "230089-21_1.webp"}}, {"model": "products.product", "pk": 85, "fields": {"category": 7, "name": "Back Protector Ballistic Flex Fit Komperdell PINK", "description": "Lightweight back protector with Austrian design with ergonomic fit. Slim fit and great comfort with soft and flexible foam system. When the back protector is warmed up by the wearer's body heat, it conforms to the body. Suited for use under your jacket because of its light and smooth design. It has high breathability, helping to maintain a constant comfortable body temperature during exercise. Protects the back during training and recreational riding. The back protector has protective plates on the front and sides, which are adjusted automatically when the zip is done up. EN 1621-2 (motorcycle standard).\r\nCE Approved.\r\nWash 30°.", "has_sizes": false, "price": "239.90", "rating": null, "image": "230197-54_1.webp"}}, {"model": "products.product", "pk": 86, "fields": {"category": 7, "name": "Body protector Child Long Racesafe NAVY", "description": "Safety vest of model RS2010. Front zip and lace-up sides. Up to 80 separate panels that conform to all body movements and allow body moisture to evaporate.\r\nCE and BETA 2009 level 3 Approved\r\nBritish manufacture.\r\nHand wash.", "has_sizes": false, "price": "279.00", "rating": null, "image": "230266-21_1.webp"}}, {"model": "products.product", "pk": 87, "fields": {"category": 7, "name": "Body protector Adult Long Racesafe BLACK", "description": "Safety vest of model RS2010. Front zip and lace-up sides. Up to 80 separate panels that conform to all body movements and allow body moisture to evaporate.\r\nCE and BETA 2009 level 3 Approved\r\nBritish manufacture.\r\nHand wash.", "has_sizes": false, "price": "299.00", "rating": null, "image": "230285-10_1.webp"}}, {"model": "products.product", "pk": 88, "fields": {"category": 9, "name": "Kimblewick bit Fairfield® BRASS", "description": "A bit", "has_sizes": false, "price": "49.90", "rating": null, "image": "500315-32_1.webp"}}, {"model": "products.product", "pk": 89, "fields": {"category": 9, "name": "Hackamore Fairfield® BLACK", "description": "Adjustable hackamore in soft leather with lined noseband. Shank length 17 cm.", "has_sizes": false, "price": "47.50", "rating": null, "image": "500381-10_1.webp"}}, {"model": "products.product", "pk": 90, "fields": {"category": 9, "name": "Hackamore Fairfield® BLACK", "description": "Adjustable with soft leather noseband. Metal ring diameter 8.5 cm.", "has_sizes": false, "price": "32.90", "rating": null, "image": "500383-10_1.webp"}}, {"model": "products.product", "pk": 91, "fields": {"category": 9, "name": "Pelham bit Baby Fairfield® SILVER", "description": "Straight pelham bit with 5 cm shank, stainless steel.", "has_sizes": false, "price": "34.90", "rating": null, "image": "500390-07_1.webp"}}, {"model": "products.product", "pk": 92, "fields": {"category": 9, "name": "Bit Dynamic RS Sprenger SENSOGAN", "description": "In two parts. Ø 14 mm. Ring 55 mm. Made from Sensogan.", "has_sizes": false, "price": "129.00", "rating": null, "image": "500404-04_1.webp"}}, {"model": "products.product", "pk": 93, "fields": {"category": 9, "name": "D-ring bit Novocontact Sprenger SENSOGAN", "description": "2-piece bit shaped to increase area of contact with tongue without pressing against palate. When the rider pulls the reins, the bit is angled forwards which narrows the point of contact. This improves communication between horse and rider. When the reins are released, the bit returns to its default position with the broad part resting softly and comfortably against the horse's tongue. Ring 65 mm. Made of Sensogan.", "has_sizes": false, "price": "159.00", "rating": null, "image": "500410-04_1.webp"}}, {"model": "products.product", "pk": 94, "fields": {"category": 9, "name": "Bit KK Ultra 2-Type Sprenger SENSOGAN", "description": "3-piece bit that combines the benefits of loose and fixed rings. Sits well in the mouth due to a slightly shorter central part that is angled 45 degrees forward. Suitable for horses with sensitive mouth corners and horses that can be difficult to turn. Ring 70 mm. Made of Sensogan.", "has_sizes": false, "price": "169.00", "rating": null, "image": "500414-04_1.webp"}}, {"model": "products.product", "pk": 95, "fields": {"category": 9, "name": "Egg bit Three sectioned Sprenger SILVER", "description": "3-piece bit. Ring 65 cm.", "has_sizes": false, "price": "44.90", "rating": null, "image": "500427-07_1.webp"}}, {"model": "products.product", "pk": 96, "fields": {"category": 9, "name": "Bridle bit Soft Beris", "description": "A soft, straight bridal bit with a slightly thinner mouth section. Ring 7.5 cm Ø. Handmade in Germany. Made of plastic approved for food contact. The bit should be attached so that the engraved bit ring is on the left side of the horse's mouth.", "has_sizes": false, "price": "57.00", "rating": null, "image": "500431-00_1.webp"}}, {"model": "products.product", "pk": 97, "fields": {"category": 9, "name": "Kimblewick bit Extra Soft Beris", "description": "Extra-soft Kimblewick bit from Beris of Germany with a thinner section in the middle. Handmade in Germany. Made of plastic approved for food contact. The bit should be attached so that the engraved bit ring is on the left side of the horse's mouth.", "has_sizes": false, "price": "197.90", "rating": null, "image": "500433-00_1.webp"}}, {"model": "products.product", "pk": 98, "fields": {"category": 9, "name": "Pelham bit Comfort Thin short shanks Beris", "description": "The Comfort Thin mouthpiece has the same design as the Comfort Bar but is 15 mm thinner. Recommended for horses with small mouths and for ponies. A pelham bit is a classic bit that can be used for hot and strong horses. It applies pressure on the neck and lower jaw. This bit can be used with a delta or with double reins. The bit's effect can be modified by using it with or without a chain.", "has_sizes": false, "price": "199.00", "rating": null, "image": "500436-00_1.webp"}}, {"model": "products.product", "pk": 99, "fields": {"category": 9, "name": "Bridle bit Comfort thin Bar Beris", "description": "Comfort is an anatomical bit with a 6 cm ring. It rests equally on the tongue and bars and is shaped to allow more room and mobility for the tongue. Thanks to its shape, the Comfort Bar lies very still in the horse's mouth, and is suitable for young or sensitive horses. Loose Ring has a loose ring running through a copper sleeve, which increases its lifespan._x000D_ _x000D_", "has_sizes": false, "price": "59.90", "rating": null, "image": "500437-00_1.webp"}}, {"model": "products.product", "pk": 100, "fields": {"category": 9, "name": "Bit Loose ring snaffle Nathe SILVER", "description": "Sensogan middle piece encourages acceptance of the bit and stimulates saliva production. The bit provides direct and precise action and distributes pressure evenly on the tongue and lower jaw. Suitable for all disciplines and levels. The bit ring protects the corners of the mouth.", "has_sizes": false, "price": "133.00", "rating": null, "image": "500438-07_1.webp"}}, {"model": "products.product", "pk": 101, "fields": {"category": 9, "name": "Bit Nathe SILVER", "description": "A mouth and tongue friendly bit with a classic design. Joints made of hypoallergenic plastic. Distributes pressure evenly. Suitable for all disciplines and levels.", "has_sizes": false, "price": "122.00", "rating": null, "image": "500440-07_1.webp"}}, {"model": "products.product", "pk": 102, "fields": {"category": 9, "name": "Bit Standard snaffle Nathe SILVER", "description": "Flexible mouthpiece with low port. The bit ring is designed to give clearer signals when turning. The bit lies firmly in the mouth and is suitable for horses that lose contact with the bit. Bit ring protects corners of mouth. Steel in centre.", "has_sizes": false, "price": "106.00", "rating": null, "image": "500442-07_1.webp"}}, {"model": "products.product", "pk": 103, "fields": {"category": 9, "name": "Bit Mullen Mouth Nathe SILVER", "description": "Mouthpiece with port. The bit ring is designed to give clearer signals when turning. The bit lies firmly in the mouth and is suitable for horses that lose contact with the bit. Bit ring protects corners of mouth. Steel in centre.", "has_sizes": false, "price": "106.00", "rating": null, "image": "500443-07_1.webp"}}, {"model": "products.product", "pk": 104, "fields": {"category": 9, "name": "Bit Metalab SILVER", "description": "A straight bit with a Mullen barrel mouthpiece. This bit provides good contact with the horse, and the moveable centre section can also help if your horse tends to put its tongue over the bit.", "has_sizes": false, "price": "49.90", "rating": null, "image": "500444-07_1.webp"}}, {"model": "products.product", "pk": 105, "fields": {"category": 9, "name": "Bit Baucher Metalab SILVER", "description": "A Baucher bit with a Mullen barrel mouthpiece. This bit provides good contact with the horse, and the moveable centre section can also help if your horse tends to put its tongue over the bit.", "has_sizes": false, "price": "69.90", "rating": null, "image": "500445-07_1.webp"}}, {"model": "products.product", "pk": 106, "fields": {"category": 9, "name": "Bit Pinchless Metalab SILVER", "description": "2-piece bit covered with leather. It is recommended to dip the bit in cooking oil before first use.", "has_sizes": false, "price": "99.00", "rating": null, "image": "500446-07_1.webp"}}, {"model": "products.product", "pk": 107, "fields": {"category": 9, "name": "Pelham bit Pinchless Metalab SILVER", "description": "Leather-covered two-piece Pelham bit with chain. 12 cm shank. It is recommended to dip the bit in cooking oil before first use.", "has_sizes": false, "price": "159.00", "rating": null, "image": "500448-07_1.webp"}}, {"model": "products.product", "pk": 108, "fields": {"category": 9, "name": "Bridle bit Fairfield® SILVER", "description": "Three-section bridle bit with blue sweet iron mouth section and three copper rolls. Stainless steel rings.", "has_sizes": false, "price": "19.90", "rating": null, "image": "500515-07_1.webp"}}, {"model": "products.product", "pk": 109, "fields": {"category": 9, "name": "Full cheek Three sectioned Fairfield® SILVER", "description": "With safety catches.", "has_sizes": false, "price": "24.90", "rating": null, "image": "500518-07_1.webp"}}, {"model": "products.product", "pk": 110, "fields": {"category": 10, "name": "Jumping saddle Amo Pessoa® BLACK", "description": "Close contact jumping saddle. This saddle has been specially designed for the Swedish market in collaboration with Pessoa's saddle makers and some of Sweden's leading saddle testers. Rodrigo Amo is based on earlier Pessoa saddles but has a wider channel, a softer seat and wider and slightly longer panels, allowing greater freedom over the withers. Rodrigo Amo has a narrow waist and a deeper seat, giving the rider closer contact with the horse. Pre-oiled quality leather for a good grip. The saddle comes with two different knee blocks.", "has_sizes": false, "price": "2299.00", "rating": null, "image": "320522-10_1_1.webp"}}, {"model": "products.product", "pk": 111, "fields": {"category": 10, "name": "Jumping saddle Fazzino Lippo BLACK", "description": "French-inspired jumping saddle with more forward cut flap and deep seat. Soft AMS upholstery. Replaceable gullet plate (330401). Suitable for horses with normal to straight back. Supplied with gullet plate size: MW.", "has_sizes": false, "price": "1890.00", "rating": null, "image": "320532-10_1.webp"}}, {"model": "products.product", "pk": 112, "fields": {"category": 10, "name": "Jumping saddle Fazzino Lippo DARK BROWN", "description": "French-inspired jumping saddle with more forward cut flap and deep seat. Soft AMS upholstery. Replaceable gullet plate (330401). Suitable for horses with normal to straight back. Supplied with gullet plate size: MW.", "has_sizes": false, "price": "1890.00", "rating": null, "image": "320532-80_1.webp"}}, {"model": "products.product", "pk": 113, "fields": {"category": 10, "name": "Dressage saddle Vanessa Lippo BLACK", "description": "Dressage saddle in double-stitched leather. Slightly narrower middle, making it easier for the rider to reach the correct position. Soft AMS upholstery. Replaceable gullet plate, item no. 330401. Supplied with gullet plate size MW.", "has_sizes": false, "price": "1790.00", "rating": null, "image": "320533-10_1.webp"}}, {"model": "products.product", "pk": 114, "fields": {"category": 10, "name": "Jumping saddle Gen-X Elite Pony Pessoa® BLACK", "description": "Jumping saddle with narrow waist suitable for smaller riders. Fits ponies with a broad and straight back. Now with larger skirts and a deeper seat. Made of English oiled leather with excellent grip. AMS® panel. Moveable front and rear thigh blocks. Replaceable gullet plates (330401). Supplied with gullet plate in size Medium-Wide.", "has_sizes": false, "price": "1649.00", "rating": null, "image": "320536-10_1.webp"}}, {"model": "products.product", "pk": 115, "fields": {"category": 10, "name": "Jumping saddle Gen-X Elite Pony Pessoa® DARK BROWN", "description": "Jumping saddle with narrow waist suitable for smaller riders. Fits ponies with a broad and straight back. Now with larger skirts and a deeper seat. Made of English oiled leather with excellent grip. AMS® panel. Moveable front and rear thigh blocks. Replaceable gullet plates (330401). Supplied with gullet plate in size Medium-Wide.", "has_sizes": false, "price": "1649.00", "rating": null, "image": "320536-80_1.webp"}}, {"model": "products.product", "pk": 116, "fields": {"category": 10, "name": "Icelandic saddle Leia Lippo BLACK", "description": "Icelandic saddle in close-contact design. Manufactured in double calfskin. Supplied with gullet plate in size: MW.", "has_sizes": false, "price": "1790.00", "rating": null, "image": "320540-10_1.webp"}}, {"model": "products.product", "pk": 117, "fields": {"category": 10, "name": "Dressage saddle T8 Surface Block Dressage Thorowgood® BLACK", "description": "Dressage saddle with outer blocks that give the rider a more stable seat. With Thorowgood’s specially developed dressage frame. Panels designed to give the rider closer contact and keep the saddle stable. Replaceable pad. Supplied with gullet plate in size: Wide.", "has_sizes": false, "price": "899.00", "rating": null, "image": "320731-10_1.webp"}}, {"model": "products.product", "pk": 118, "fields": {"category": 11, "name": "Foal/Shetland halter Fernville Fairfield® DARK BROWN", "description": "Leather halter with soft padding on the noseband and headpiece.\r\nBrass buckles.", "has_sizes": false, "price": "24.00", "rating": null, "image": "410048-80-00000_1.webp"}}, {"model": "products.product", "pk": 119, "fields": {"category": 11, "name": "Halter Kaliber Trinity® CAMEL", "description": "Double-stitched halter with soft SympaTex lining at nose and neck. Adjustable under nose.\r\nSilver coloured buckle.", "has_sizes": false, "price": "19.90", "rating": null, "image": "410107-1C_1.webp"}}, {"model": "products.product", "pk": 120, "fields": {"category": 11, "name": "Halter Lansiär Fairfield® RASPBERRY", "description": "Halter with neoprene lining on noseband and at neck.\r\nSilver coloured buckle.", "has_sizes": false, "price": "8.90", "rating": null, "image": "410264-88_1.webp"}}, {"model": "products.product", "pk": 121, "fields": {"category": 11, "name": "Leather halter Sherston Fairfield® BLACK", "description": "Soft, oiled leather halter. Soft padding on the nose and headpiece. Buckles on both sides of the headpiece. Adjustable under the nose.\r\nSilver coloured buckle.", "has_sizes": false, "price": "36.00", "rating": null, "image": "410350-10_1.webp"}}, {"model": "products.product", "pk": 122, "fields": {"category": 11, "name": "Leather halter Sherston Fairfield® CHESTNUT", "description": "Soft, oiled leather halter. Soft padding on the nose and headpiece. Buckles on both sides of the headpiece. Adjustable under the nose.\r\nSilver coloured buckle.", "has_sizes": false, "price": "36.00", "rating": null, "image": "410350-69_1.webp"}}, {"model": "products.product", "pk": 123, "fields": {"category": 11, "name": "Leather halter Modin JH Collection® COGNAC", "description": "Leather halter made of Swedish vegetable-tanned Tärnsjö leather. Soft lining at noseband and neck.", "has_sizes": false, "price": "109.00", "rating": null, "image": "410359-63_1.webp"}}, {"model": "products.product", "pk": 124, "fields": {"category": 11, "name": "Rope halter Celsius Fairfield® KHAKIGREEN", "description": "100% acrylic, thin rope.", "has_sizes": false, "price": "5.50", "rating": null, "image": "410412-41_1.webp"}}, {"model": "products.product", "pk": 125, "fields": {"category": 11, "name": "Rope halter Pompe Fairfield® BLACK", "description": "Rope halter with silver-coloured buckles that make it easier to put on and take off. Sliding metal ring under nose. When used for riding, the reigns are attached to buckles on the sides of the nose.", "has_sizes": false, "price": "10.90", "rating": null, "image": "410421-10_1.webp"}}, {"model": "products.product", "pk": 126, "fields": {"category": 11, "name": "Halter Classic Sports Eskadron PINK", "description": "Halter in softshell with soft padding in technical material. Adjustable on both sides of neck. Trigger clip.", "has_sizes": false, "price": "39.95", "rating": null, "image": "410428-54_1.webp"}}, {"model": "products.product", "pk": 127, "fields": {"category": 11, "name": "Halter Cesano JH Collection® BLACK/GREY", "description": "Halter with soft mink fleece on neck, nose and cheek pieces. Buckles with antique silver finish.", "has_sizes": false, "price": "16.90", "rating": null, "image": "410527-1R_1.webp"}}, {"model": "products.product", "pk": 128, "fields": {"category": 11, "name": "Halter Codera JH Collection® OLIVE GREEN", "description": "Halter with fleece-lined head piece, noseband and cheek pieces. Adjustable on both sides of neck and under nose. Buckles with antique silver finish.", "has_sizes": false, "price": "16.90", "rating": null, "image": "410539-42_1.webp"}}, {"model": "products.product", "pk": 129, "fields": {"category": 11, "name": "Halter Orlando Fairfield® STRIPED RED", "description": "Halter with wide, curved neck piece. Neoprene lining on noseband and at neck. Adjustable on both sides of neck and under nose.\r\nSilver coloured buckle.", "has_sizes": false, "price": "12.90", "rating": null, "image": "410579-58_1.webp"}}, {"model": "products.product", "pk": 130, "fields": {"category": 11, "name": "Halter Corrado Fairfield® CREME", "description": "Halter covered with mink fleece. Buckles on both sides of neck.\r\nSilver coloured buckle.", "has_sizes": false, "price": "15.90", "rating": null, "image": "410585-02_1.webp"}}, {"model": "products.product", "pk": 131, "fields": {"category": 11, "name": "Halter Haze Back on Track® BROWN", "description": "Halter with soft mink fleece, Welltex lining on nose, neck and cheek pieces. Gives you increased wellbeing and the unbeatable Welltex effect. Can help reduce neck tension, promote relaxation and encourage circulation. Durable nylon base that can be adjusted on both sides for an optimal fit.", "has_sizes": false, "price": "39.90", "rating": null, "image": "410592-70_1.webp"}}, {"model": "products.product", "pk": 132, "fields": {"category": 11, "name": "Halter Capitol Trinity® NAVY", "description": "Halter with leather details. Fully lined with soft neoprene. Slightly stretchy at neck and nose. Matt, silver-coloured buckles.", "has_sizes": false, "price": "29.90", "rating": null, "image": "410753-21_1.webp"}}, {"model": "products.product", "pk": 133, "fields": {"category": 11, "name": "Halter Capitol Trinity® WINE RED", "description": "Halter with leather details. Fully lined with soft neoprene. Slightly stretchy at neck and nose. Matt, silver-coloured buckles.", "has_sizes": false, "price": "29.90", "rating": null, "image": "410753-53_1.webp"}}, {"model": "products.product", "pk": 134, "fields": {"category": 11, "name": "Halter Landgraf Trinity® DARK BROWN", "description": "Double-stitched halter with soft fleece lining at nose, neck and cheek pieces. Adjustable under nose.\r\nSilver coloured buckle.", "has_sizes": false, "price": "27.90", "rating": null, "image": "410755-80_1.webp"}}, {"model": "products.product", "pk": 135, "fields": {"category": 11, "name": "Halter Emilia JH Collection® DARK BROWN", "description": "Leather halter with nylon details. Soft lining on the nose and headpiece. Buckles on both sides of headpiece, adjustable under the nose.\r\nBrass buckles.", "has_sizes": false, "price": "38.90", "rating": null, "image": "410984-80_1.webp"}}, {"model": "products.product", "pk": 136, "fields": {"category": 12, "name": "Rubber curry comb Natural bristle Royal traxx®", "description": "Brush with handle and nubs made of environmentally friendly bamboo. Ideal for detangling knots in dog's hair or as a mane and tail brush for horses. Can also be used as a massage brush. Size: 12 x 8 cm.", "has_sizes": false, "price": "8.90", "rating": null, "image": "043147-00-00000_1.webp"}}, {"model": "products.product", "pk": 137, "fields": {"category": 12, "name": "Grooming bag Classic Sports Glossy Eskadron TURQUOISE", "description": "Grooming bag with carrying handle and detachable, adjustable shoulder strap. Flap with drawstring to prevent brushes from falling out. Pockets on the inside and outside with room for small objects.", "has_sizes": false, "price": "44.95", "rating": null, "image": "290824-87-00000_1.webp"}}, {"model": "products.product", "pk": 138, "fields": {"category": 12, "name": "Cleaning sponge YELLOW", "description": "Sponge", "has_sizes": false, "price": "0.70", "rating": null, "image": "700059-30-00000_1.jpg"}}, {"model": "products.product", "pk": 139, "fields": {"category": 12, "name": "Hoof pick Fairfield® TURQUOISE", "description": "Plastic coated.", "has_sizes": false, "price": "0.90", "rating": null, "image": "700088-87-00000_1.webp"}}, {"model": "products.product", "pk": 140, "fields": {"category": 12, "name": "Dandy brush Redwood Trinity® BROWN", "description": "German-made body brush with brown glazed wooden back. 45 mm union fibre bristles.", "has_sizes": false, "price": "11.90", "rating": null, "image": "700111-70-00000_1.jpg"}}, {"model": "products.product", "pk": 141, "fields": {"category": 12, "name": "Body brush Redwood Trinity® BROWN", "description": "German-made body brush with brown glazed wooden back. Leather strap, genuine horsehair bristle.", "has_sizes": false, "price": "19.90", "rating": null, "image": "700115-70_1.webp"}}, {"model": "products.product", "pk": 142, "fields": {"category": 12, "name": "Mane-/tail brush Borstiq", "description": "The perfect brush for manes and tails. Turned wooden bristles that also give an amazing massage.", "has_sizes": false, "price": "15.00", "rating": null, "image": "700161-00-00000_1.webp"}}, {"model": "products.product", "pk": 143, "fields": {"category": 12, "name": "Curry comb Fairfield®", "description": "Square with wooden handle. Metal.", "has_sizes": false, "price": "7.90", "rating": null, "image": "700237-00-00000_1.webp"}}, {"model": "products.product", "pk": 144, "fields": {"category": 12, "name": "Curry comb Fairfield®", "description": "Metal.", "has_sizes": false, "price": "5.90", "rating": null, "image": "700286-10-00000_1.webp"}}, {"model": "products.product", "pk": 145, "fields": {"category": 12, "name": "Flick brush Soft Magic Brush BLACK", "description": "German-made flick brush with soft horsehair bristles. With environmentally certified wood back.", "has_sizes": false, "price": "17.90", "rating": null, "image": "700308-10-00000_1.webp"}}, {"model": "products.product", "pk": 146, "fields": {"category": 12, "name": "Rubber curry comb Soft Magic Brush TURQUOISE", "description": "The original Magic Brush Soft in a single pack. Extra soft version of the popular brush. Effectively removes dirt, perfect for horses that are shedding. Also ideal for use when shampooing. When the brush is dirty, simply wash it in the washing machine at 60 degrees.", "has_sizes": false, "price": "8.90", "rating": null, "image": "700309-87-00000_1.webp"}}, {"model": "products.product", "pk": 147, "fields": {"category": 12, "name": "Flick brush Tampico Magic Brush NATURE", "description": "German-made flick brush with naturally antistatic Tampico bristles. With environmentally certified wood back.", "has_sizes": false, "price": "16.90", "rating": null, "image": "700311-66-00000_1.webp"}}, {"model": "products.product", "pk": 148, "fields": {"category": 12, "name": "Sweat scraper Fairfield® BLACK", "description": "One handed design in plastic.", "has_sizes": false, "price": "2.90", "rating": null, "image": "700336-10-00000_1.webp"}}, {"model": "products.product", "pk": 149, "fields": {"category": 12, "name": "Sponge YELLOW", "description": "The lower price applies when ordering at least 10 pcs.\r\n1 piece", "has_sizes": false, "price": "1.00", "rating": null, "image": "700385-30-00000_1.webp"}}, {"model": "products.product", "pk": 150, "fields": {"category": 12, "name": "Hoof pick Fairfield® LIGHT BLUE", "description": "With hard bristles.", "has_sizes": false, "price": "1.90", "rating": null, "image": "700401-25-00000_1.webp"}}, {"model": "products.product", "pk": 151, "fields": {"category": 12, "name": "Flick brush Twotone Fairfield® GREEN", "description": "Flick brush with a wooden back and 9.5 cm synthetic bristles.", "has_sizes": false, "price": "4.90", "rating": null, "image": "700841-40-00000_1.jpg"}}, {"model": "products.product", "pk": 152, "fields": {"category": 12, "name": "Dandy brush Twotone Fairfield® GREEN", "description": "Flick brush with wooden back.", "has_sizes": false, "price": "4.90", "rating": null, "image": "700842-40-00000_1.webp"}}, {"model": "products.product", "pk": 153, "fields": {"category": 12, "name": "Mane-/tail brush Twotone Fairfield® GREEN", "description": "Mane and tail brush with plastic spikes and comfortable grip.", "has_sizes": false, "price": "6.90", "rating": null, "image": "700843-40-00000_1.webp"}}, {"model": "products.product", "pk": 154, "fields": {"category": 12, "name": "Body brush Twotone Fairfield® GREEN", "description": "Body brush with a wooden back and soft synthetic bristles. Nylon belt.", "has_sizes": false, "price": "5.90", "rating": null, "image": "700845-40-00000_1.webp"}}, {"model": "products.product", "pk": 155, "fields": {"category": 12, "name": "Bucket brush Twotone Fairfield® NAVY", "description": "Bucket/hoof brush with wooden back and stiff polypropylene bristles.", "has_sizes": false, "price": "4.90", "rating": null, "image": "700846-21-00000_1.webp"}}, {"model": "products.product", "pk": 156, "fields": {"category": 12, "name": "Hoof brush Twotone Fairfield® GREEN", "description": "Hoof brush with wooden back and stiff polypropylene bristles.", "has_sizes": false, "price": "1.90", "rating": null, "image": "700848-40-00000_1.webp"}}, {"model": "products.product", "pk": 157, "fields": {"category": 12, "name": "Face brush Twotone Fairfield® GREEN", "description": "Face brush with soft synthetic bristles.", "has_sizes": false, "price": "1.90", "rating": null, "image": "700849-40-00000_1.webp"}}, {"model": "products.product", "pk": 158, "fields": {"category": 12, "name": "Grooming bag Small Fairfield® GREEN", "description": "Polyester riding bag with adjustable shoulder strap and flap with zip. Pockets on the outside with room for small objects. Approx. 27 cm diameter. Height: 23 cm.", "has_sizes": false, "price": "15.90", "rating": null, "image": "710001-40-00000_1.webp"}}, {"model": "products.product", "pk": 159, "fields": {"category": 12, "name": "Grooming box SAGE GREEN", "description": "High quality grooming bag made of recycled plastic. It has a moveable divider to keep bottles standing upright and a smaller compartment for small items. 42 x 30 x 28 cm.", "has_sizes": false, "price": "36.00", "rating": null, "image": "710077-1A-00000_1.webp"}}, {"model": "products.product", "pk": 160, "fields": {"category": 12, "name": "Toolbox", "description": "The box is divided into five fixed compartments with two different sizes. With snap lock and carrying handle, made of transparent PP plastic.", "has_sizes": false, "price": "2.90", "rating": null, "image": "710078-00-00000_1.webp"}}, {"model": "products.product", "pk": 161, "fields": {"category": 12, "name": "Solocomb RED", "description": "Grooming the mane is now a thing of the past! No more blisters or cuts on your fingers due to ungroomable manes. No more fighting horses who don’t like having their mane groomed. Quickly and simply comb and cut using the SoloComb, and get a mane that looks as if it’s been groomed. 12-month warranty.", "has_sizes": false, "price": "34.90", "rating": null, "image": "720086-50-00000_1.webp"}}, {"model": "products.product", "pk": 162, "fields": {"category": 12, "name": "Mane comb Fairfield® BLACK", "description": "Plastic.", "has_sizes": false, "price": "0.90", "rating": null, "image": "720144-10-00000_1.webp"}}, {"model": "products.product", "pk": 163, "fields": {"category": 12, "name": "Silicone bands Fairfield® TRANSPARENT", "description": "Silicone band for the mane. 400 bands in a plastic pot.", "has_sizes": false, "price": "2.50", "rating": null, "image": "720171-1Z-00000_1.webp"}}, {"model": "products.product", "pk": 164, "fields": {"category": 12, "name": "Silicone bands Fairfield® ASSORTED COLORS", "description": "Silicone band for the mane. 400 bands in a plastic pot.", "has_sizes": false, "price": "2.50", "rating": null, "image": "720171-90-00000_1.webp"}}, {"model": "products.product", "pk": 165, "fields": {"category": 13, "name": "Braid It Up NAF", "description": "Premium plait pray. Plait your horse's mane simply and quickly. Braid it Up to prevents annoying stray hairs and keeps your horse's plaits in check during competitions.", "has_sizes": false, "price": "17.00", "rating": null, "image": "820029-00-00000_1.webp"}}, {"model": "products.product", "pk": 166, "fields": {"category": 13, "name": "Warming Wash NAF", "description": "Easily remove dirt and sweat from your horse's winter coat with Warming Wash. The wash contains ginger and muscatel sage to warm and clean your horse after training on cold winter days. No need to rinse out. Remove excess with a sweat scraper.", "has_sizes": false, "price": "14.00", "rating": null, "image": "820038-00-00000_1.webp"}}, {"model": "products.product", "pk": 167, "fields": {"category": 13, "name": "Showshine Refill TIB", "description": "Swedish-made mane and tail spray. Makes tail soft and silky and gives coat long-lasting shine. Dust- and dirt-resistant, makes coat easier to brush clean. Leaves no sticky residue. Refill bottle 1 l.", "has_sizes": false, "price": "13.90", "rating": null, "image": "820046-00-00000_1.webp"}}, {"model": "products.product", "pk": 168, "fields": {"category": 13, "name": "Spray pump Eclipse Biofarmab", "description": "Suitable for use with Foxfire coat polish 820047 and LifeClean 820088.", "has_sizes": false, "price": "5.90", "rating": null, "image": "820145-00-00000_1.webp"}}, {"model": "products.product", "pk": 169, "fields": {"category": 13, "name": "Showsheen Absorbine", "description": "One of the best coat polishes on the market. Untangles manes and tails and helps to keep the coat glossy and dust-free. 950ml.", "has_sizes": false, "price": "24.90", "rating": null, "image": "820841-00-00000_1.webp"}}, {"model": "products.product", "pk": 170, "fields": {"category": 14, "name": "Trek Slim Boot Cavallo BLACK", "description": "Boots with TPU mesh upper and hardwearing TPU sole. Shock absorbing, designed for use on rough ground. Easy to put on and take off. Hardwearing and easy to care for.\r\nSold individually.", "has_sizes": false, "price": "106.00", "rating": null, "image": "610746-10_1.webp"}}, {"model": "products.product", "pk": 171, "fields": {"category": 14, "name": "Hoof Hoof rasp Heller Excel Mustadrasp Heller Excel Mustad", "description": "A wider file providing greater surface area. 9 teeth per row.", "has_sizes": false, "price": "43.50", "rating": null, "image": "900048-00-00000_1.webp"}}, {"model": "products.product", "pk": 172, "fields": {"category": 14, "name": "Road studs Tunahaken", "description": "Hard metal core. Ø 10 mm, height 8 mm, thread 5 mm.", "has_sizes": false, "price": "0.85", "rating": null, "image": "900292-00_1.webp"}}, {"model": "products.product", "pk": 173, "fields": {"category": 14, "name": "Hoof tester", "description": "Hoof tester", "has_sizes": false, "price": "33.50", "rating": null, "image": "900415-00-00000_1.webp"}}, {"model": "products.product", "pk": 174, "fields": {"category": 14, "name": "Tapper", "description": "Swedish manufactured tapper with grip friendly plastic handle.", "has_sizes": false, "price": "10.90", "rating": null, "image": "900422-00_1.webp"}}, {"model": "products.product", "pk": 175, "fields": {"category": 14, "name": "Nippers", "description": "Nippers", "has_sizes": false, "price": "22.00", "rating": null, "image": "900456-00-00000_1.webp"}}, {"model": "products.product", "pk": 176, "fields": {"category": 14, "name": "Clench tongs", "description": "Clench tongs", "has_sizes": false, "price": "19.90", "rating": null, "image": "900464-00-00000_1.webp"}}, {"model": "products.product", "pk": 177, "fields": {"category": 15, "name": "Disinfectant Spray EKODES Pet Showmaster®", "description": "EKODES™ Petspray is a safe, effective alternative to conventional pet care products, completely free from toxic chemicals. The active ingredient is hypochlorous acid, a completely natural substance. Natural – It is naturally present in the white blood cells in the immune system of humans and animals, where it effectively fights invasion from bacteria and other pathogens. Safe – It causes no harm to humans or animals, whether it comes into contact with the skin, eyes or nose or is inhaled or ingested. 100% environmentally friendly. Effective – It eliminates 99.999% of bacteria, fungi and viruses in just seconds. During use, keep excess hair away from the wound site and cut hair if necessary. Apply generously. The spray cleanses, disinfects and promotes healing.", "has_sizes": false, "price": "11.90", "rating": null, "image": "053008-00-00000_1.webp"}}, {"model": "products.product", "pk": 178, "fields": {"category": 15, "name": "Cohesive bandage Funny Fairfield® BLUE CHECKED", "description": "Self-adhesive bandages with fun patterns. 10 cm wide. 4.5 m.\r\nSold individually.", "has_sizes": false, "price": "2.70", "rating": null, "image": "610140-29-00000_1.webp"}}, {"model": "products.product", "pk": 179, "fields": {"category": 15, "name": "Jodopax", "description": "For cleaning and disinfecting wounds and skin. 500 ml.", "has_sizes": false, "price": "22.00", "rating": null, "image": "820431-00-00000_1.webp"}}, {"model": "products.product", "pk": 180, "fields": {"category": 15, "name": "Horse salve Radicin Trikem", "description": "Moisturising antiseptic ointment for treatment of minor wounds and prevention of skin inflammation. Mild antiseptic with vitamin A and D. Stimulates and improves healing of damaged skin and mucous membranes. Massage the ointment on affected areas 1-2 times daily.", "has_sizes": false, "price": "15.90", "rating": null, "image": "820511-00-00000_1.webp"}}, {"model": "products.product", "pk": 181, "fields": {"category": 15, "name": "Horse salve Skillingaryd", "description": "Makes wounds hardy and speeds up healing. 250 ml.", "has_sizes": false, "price": "8.90", "rating": null, "image": "820514-97-00000_1.webp"}}, {"model": "products.product", "pk": 182, "fields": {"category": 15, "name": "Cotton", "description": "500 g.", "has_sizes": false, "price": "9.90", "rating": null, "image": "890112-00-00000_1.webp"}}, {"model": "products.product", "pk": 183, "fields": {"category": 16, "name": "Leather soap Leather Foam leovet®", "description": "A creamy conditioning foam that cleans leather, replenishes its oils and preserves and protects with anti-oxidants. Gives superb shine without greasiness. Free from mineral oils, more environmentally friendly and easier for the leather to absorb. 200 ml.", "has_sizes": false, "price": "8.90", "rating": null, "image": "820032-00-00000_1.webp"}}, {"model": "products.product", "pk": 184, "fields": {"category": 16, "name": "Leather soap Leather Soap leovet®", "description": "Pure plant oils clean leather, gently and thoroughly. The high concentration of plant glycerine and selected oils have a nourishing effect and keep the leather supple without greasy residue. Ideal as an all-round cleaner in the stable and home. Biodegradable. Free from mineral oils, making it more environmentally friendly and easier for the leather to absorb. 500 g.", "has_sizes": false, "price": "11.90", "rating": null, "image": "820033-00-00000_1.webp"}}, {"model": "products.product", "pk": 185, "fields": {"category": 16, "name": "Leather conditioner Lether Balsam leovet®", "description": "Gives leather shine. Revives aged leather and gives it an attractive shine. Provides daily, gentle care without over-saturating the leather. Suitable for all smooth leathers. Free from mineral oils, making it more environmentally friendly and easier for the leather to absorb. 500 ml.", "has_sizes": false, "price": "10.90", "rating": null, "image": "820034-00-00000_1.webp"}}, {"model": "products.product", "pk": 186, "fields": {"category": 16, "name": "Horseman´s One Step Absorbine", "description": "Leather cleaning and conditioning in one. Makes the leather soft and supple.", "has_sizes": false, "price": "15.90", "rating": null, "image": "820350-00-00000_1.webp"}}, {"model": "profiles.userprofile", "pk": 1, "fields": {"user": 1, "default_phone_number": null, "default_street_address1": null, "default_street_address2": null, "default_town_or_city": null, "default_county": null, "default_postcode": null, "default_country": null}}, {"model": "profiles.userprofile", "pk": 2, "fields": {"user": 2, "default_phone_number": "test", "default_street_address1": "test", "default_street_address2": "test", "default_town_or_city": "test", "default_county": "test", "default_postcode": "test", "default_country": "SE"}}]